order_id,amount_paise,currency,created_at,status
order_2gp9dt27kqkdqw,66400,INR,2025-05-01T00:23:12Z,paid
order_atas9r3sdwu13e,152700,INR,2025-05-01T00:41:26Z,pending
order_ea8ywdwy2a4isn,139426,INR,2025-05-01T01:11:16Z,paid
order_61y2ko1l4nsqj2,10100,INR,2025-05-01T02:13:28Z,paid
order_7wl9699s94byik,9900,INR,2025-05-01T02:33:07Z,paid
order_z6o3acktd9dmxm,89900,INR,2025-05-01T03:29:16Z,paid
order_6cmwdf21v7wwdq,523300,INR,2025-05-01T04:01:41Z,paid
order_anxtzom29cvntw,582365,INR,2025-05-01T06:53:21Z,paid
order_wwgscxnjy6dq0m,41826,INR,2025-05-01T07:55:53Z,paid
order_9c8d0pqjb118sc,116028,INR,2025-05-01T08:45:49Z,paid
order_6o5erjww6c50o6,26200,INR,2025-05-01T09:22:24Z,paid
order_sprqm5uo03jbep,165606,INR,2025-05-01T11:32:40Z,paid
order_fputr60jbp25zk,178838,INR,2025-05-01T14:59:01Z,paid
order_3nt6wl8epwfpsg,2038400,INR,2025-05-01T16:19:29Z,paid
order_1j622ibtxcl020,54600,INR,2025-05-01T17:49:21Z,paid
order_my14uo3xv5x5e4,36500,INR,2025-05-01T18:09:28Z,paid
order_wjfvit2ne900xo,34041,INR,2025-05-01T18:11:56Z,paid
order_x05g2ps82ugqf5,68569,INR,2025-05-01T21:09:26Z,paid
order_qr2bxbhlyjdcdw,364700,INR,2025-05-01T23:21:27Z,paid
order_2oi5r3fuujhrzi,59004,INR,2025-05-02T00:19:35Z,paid
order_sbxc61x3bvtrsr,42500,INR,2025-05-02T01:04:07Z,paid
order_lc6qt3en93tlaw,140810,INR,2025-05-02T04:15:14Z,paid
order_i5kwrl9m4w25rf,9900,INR,2025-05-02T04:49:36Z,pending
order_7xrwl8gqbb75p8,9900,INR,2025-05-02T05:15:29Z,paid
order_vrzt1qjpobx8zk,99600,INR,2025-05-02T06:02:17Z,paid
order_i145hi3myi99pw,38847,INR,2025-05-02T08:35:58Z,paid
order_xg6u78im1hwul9,14326,INR,2025-05-02T11:03:34Z,paid
order_m36hw043zo6q7y,36100,INR,2025-05-02T17:10:01Z,cancelled
order_u2hwsjb3jmuzid,34200,INR,2025-05-02T17:35:10Z,paid
order_yvjgmff0fwxker,90251,INR,2025-05-02T17:46:09Z,paid
order_deyci0vywv9dvh,11200,INR,2025-05-02T20:16:56Z,paid
order_nqbgqbdhwow4j0,42738,INR,2025-05-02T20:59:22Z,paid
order_qd08rqnd9udfcb,1541900,INR,2025-05-02T21:28:51Z,paid
order_x19v0qobr19rl9,98343,INR,2025-05-02T23:21:48Z,paid
order_todrv24y96qu7g,10643,INR,2025-05-03T03:44:56Z,paid
order_v72xx7madra1ic,111200,INR,2025-05-03T04:19:43Z,paid
order_vi4mc0szod9cer,9900,INR,2025-05-03T06:09:00Z,paid
order_qf68a0207jk8t5,75100,INR,2025-05-03T08:04:26Z,cancelled
order_79r7h6bar2l6xt,142000,INR,2025-05-03T08:47:58Z,paid
order_sjbhyphyd0ln5s,16000,INR,2025-05-03T09:03:51Z,paid
order_87n15wi8vh1pzc,487604,INR,2025-05-03T09:35:13Z,pending
order_wjk4zgw59mp93u,89200,INR,2025-05-03T09:45:56Z,paid
order_bk40vlvzu4nyl9,99900,INR,2025-05-03T12:43:04Z,paid
order_e4ou5ontbk88ut,60786,INR,2025-05-03T13:59:12Z,paid
order_uht6s3i8v95vhh,70277,INR,2025-05-03T14:12:18Z,paid
order_ef2a7ra2ttvl2w,347300,INR,2025-05-03T15:24:57Z,paid
order_gle4lkzqmewvzz,66500,INR,2025-05-03T15:37:14Z,paid
order_iwt3obyg03fjjy,63900,INR,2025-05-03T16:11:15Z,paid
order_xvk250xrnv9koo,24500,INR,2025-05-03T16:27:47Z,paid
order_ks8emhmevb1mfv,36505,INR,2025-05-03T16:36:42Z,paid
order_d4z1dbe5ozch6m,225200,INR,2025-05-03T19:08:14Z,paid
order_lty0anikeakeje,616800,INR,2025-05-03T22:23:42Z,paid
order_gfy72pmg7ww21h,142000,INR,2025-05-03T23:54:19Z,paid
order_pjxir6m9ylrkmh,18700,INR,2025-05-04T00:00:11Z,paid
order_jyk7bolg9qjhlg,49000,INR,2025-05-04T01:03:23Z,paid
order_xs01twx8e3mt1f,54235,INR,2025-05-04T02:52:37Z,paid
order_civ7xej77yqy3b,65379,INR,2025-05-04T04:27:18Z,paid
order_ai55h3enu3bcss,45789,INR,2025-05-04T09:19:35Z,paid
order_v724xt1t838z4s,14300,INR,2025-05-04T10:03:16Z,paid
order_l7s5lmbi5bq64t,30700,INR,2025-05-04T12:27:04Z,paid
order_fnig6mkeh44z7q,20000,INR,2025-05-04T13:43:24Z,paid
order_pj5lwb1avaiz26,327500,INR,2025-05-04T14:23:08Z,paid
order_w9yyd1sb3iifh6,168383,INR,2025-05-04T16:18:11Z,paid
order_ivdw3322o53ta6,11500,INR,2025-05-04T17:16:20Z,paid
order_82zogrvtj4jgx2,574659,INR,2025-05-04T17:56:36Z,paid
order_0s3k75fwurgl64,13442,INR,2025-05-04T19:00:33Z,paid
order_o1ur3woiy7712x,229900,INR,2025-05-04T19:02:16Z,paid
order_tytq0s4zmk88rp,567525,INR,2025-05-04T20:53:34Z,paid
order_gc4oii63m8ui9w,42101,INR,2025-05-04T21:32:23Z,paid
order_09j5qk7gkdmwi9,126278,INR,2025-05-04T21:38:17Z,paid
order_axb15r3pg3xdk8,194653,INR,2025-05-04T22:49:40Z,cancelled
order_r3q0pp9xxmlq55,16836,INR,2025-05-05T00:33:30Z,paid
order_kfm0hor2ptpi8q,299100,INR,2025-05-05T01:07:30Z,paid
order_kgugr4growynk0,50370,INR,2025-05-05T01:25:23Z,paid
order_5va07fhkx4owd3,27200,INR,2025-05-05T06:43:11Z,paid
order_t9xm7eyiizex32,29600,INR,2025-05-05T07:29:39Z,paid
order_cly4fk9g0k7tzg,573317,INR,2025-05-05T09:19:50Z,paid
"  order_97p76dr5jr2m0m ",25800,INR,2025-05-05T09:44:14Z,paid
order_ft5jylw4u9mvih,236700,INR,2025-05-05T11:30:36Z,pending
order_bc7sdrdxzt24ac,249887,INR,2025-05-05T15:37:41Z,paid
order_qods26vwt7kmiy,14400,INR,2025-05-05T16:06:28Z,cancelled
order_rny5pj6gkklghb,161400,INR,2025-05-05T16:18:12Z,paid
order_5dt6sbzpvfkqvj,49700,INR,2025-05-05T17:00:35Z,paid
order_dupx5xh6gxjhtw,66818,INR,2025-05-05T18:17:01Z,pending
order_s2xiurubcw1hcb,1261500,INR,2025-05-05T19:17:50Z,paid
order_ppyom6lrvtvilk,9900,INR,2025-05-05T21:59:01Z,paid
order_ybx3rkzzsdws4z,138678,INR,2025-05-06T01:19:28Z,paid
order_iw9xa27llrdha1,13800,INR,2025-05-06T01:59:53Z,paid
order_swttdhelgid6ox,113500,INR,2025-05-06T02:14:51Z,paid
order_6k99ts2zwztf5u,121900,INR,2025-05-06T03:45:43Z,paid
order_xd6n20s68ufmyy,49700,INR,2025-05-06T03:49:18Z,pending
order_88vrkwor2migvz,80400,INR,2025-05-06T05:34:55Z,paid
order_rrrxhy3welg5dt,16900,INR,2025-05-06T06:06:34Z,paid
order_s83un6ulip1fm4,1823700,INR,2025-05-06T12:09:06Z,pending
ORDEr_9bgxf353acx47d,93200,INR,2025-05-06T13:01:12Z,paid
order_l3hupx35tavfrr,39300,INR,2025-05-06T15:34:10Z,paid
ORDEr_cgttujii7kd73d,11000,INR,2025-05-06T22:09:20Z,paid
order_s94qv30kompcol,11400,INR,2025-05-06T23:07:46Z,paid
" order_aelyd1b563g2gb ",9900,INR,2025-05-06T23:52:35Z,paid
"  order_9g1gm9qbz0vhdy ",164753,INR,2025-05-07T00:34:45Z,paid
order_ml4jkyv35bkdz5,226800,INR,2025-05-07T00:56:06Z,paid
order_trrzt7zyj3mjn1,26299,INR,2025-05-07T01:49:53Z,pending
ORDEr_5qzl8vuru5k5t1,17783,INR,2025-05-07T02:30:25Z,paid
order_bnrlm0fla7iwym,117700,INR,2025-05-07T03:21:57Z,paid
order_xrvzr6wn68dlgu,382700,INR,2025-05-07T04:40:18Z,paid
order_y6e34voy1idu15,48749,INR,2025-05-07T06:10:10Z,paid
order_6sqqqcuweukw72,885800,INR,2025-05-07T10:20:51Z,paid
order_gac624ywql0qax,205600,INR,2025-05-07T12:33:23Z,paid
order_v8ya75u3quth6o,232600,INR,2025-05-07T13:00:40Z,paid
order_gqerkscfafpj49,186200,INR,2025-05-07T17:02:19Z,paid
order_s7zjwin5capke0,491900,INR,2025-05-07T17:05:15Z,paid
order_yfb47cqntvy74m,69000,INR,2025-05-07T17:07:59Z,paid
order_cz2hsfeitlx8c4,116100,INR,2025-05-07T17:18:21Z,paid
order_3c7q8hr4bl2ael,9900,INR,2025-05-07T17:38:02Z,paid
order_g2ef2sima56frj,73400,INR,2025-05-07T17:51:16Z,paid
order_mwgxt5vo7x5qjq,20000,INR,2025-05-07T19:11:33Z,cancelled
order_ljlsygm2b7muhu,77800,INR,2025-05-07T20:13:12Z,paid
order_fb7dmkfxk1a5fu,9900,INR,2025-05-07T21:06:43Z,pending
order_lp0iz4bponfxtu,151252,INR,2025-05-07T22:05:09Z,cancelled
order_p1qwxjtyhhmy79,30679,INR,2025-05-07T23:24:40Z,paid
order_wiaxzsoe3tbcef,17200,INR,2025-05-08T01:07:12Z,cancelled
order_axkj8ty6v78yvf,69600,INR,2025-05-08T02:16:14Z,paid
order_frbprlljixu8k5,9900,INR,2025-05-08T03:03:49Z,paid
order_9l0pe863hv5yb5,180100,INR,2025-05-08T05:36:14Z,paid
order_gkitoxb25bx0ah,37539,INR,2025-05-08T07:32:31Z,paid
order_n0dd0xpsi50se1,59100,INR,2025-05-08T08:23:06Z,paid
order_cb9i88m9zrhfhj,50400,INR,2025-05-08T08:30:22Z,paid
order_b9johokyxlww5y,339300,INR,2025-05-08T08:50:59Z,paid
order_93rzbwv6gmyxm2,52900,INR,2025-05-08T11:17:36Z,paid
order_80vfuqt9j0cdpo,299700,INR,2025-05-08T11:44:36Z,paid
order_m1xib8iiwcyozo,78900,INR,2025-05-08T13:22:55Z,paid
order_dk8t9r4bzwatll,27200,INR,2025-05-08T19:03:41Z,cancelled
order_4oxoqaprfrv5gh,28500,INR,2025-05-08T22:11:47Z,paid
order_avb1bj6b652bcg,12700,INR,2025-05-09T00:26:49Z,paid
order_eaf7c5psd3cniz,15500,INR,2025-05-09T00:31:40Z,paid
order_8p2wtnzmo1jvoh,19200,INR,2025-05-09T03:19:00Z,paid
order_wf25i3h6h5el4d,98700,INR,2025-05-09T03:28:32Z,paid
order_xvc5ywp3ipd7hi,9900,INR,2025-05-09T11:16:30Z,paid
order_29ekyvhifxp1xq,97100,INR,2025-05-09T12:20:44Z,paid
"ORDEr_8pav80fgryriw4 ",2061065,INR,2025-05-09T12:47:42Z,paid
order_aoin50sr6rgzl2,67200,INR,2025-05-09T13:11:39Z,paid
order_ibk96xa8rzqosv,547767,INR,2025-05-09T15:03:13Z,paid
order_2sadbdkddmttag,43400,INR,2025-05-09T18:37:37Z,paid
order_0z46xfrasfzn4g,64900,INR,2025-05-09T21:33:37Z,paid
order_zaul9iru723az6,193300,INR,2025-05-09T21:49:41Z,paid
order_nm21twpg4qnwco,27900,INR,2025-05-10T00:06:25Z,paid
order_h69w3hfbx71f16,748900,INR,2025-05-10T00:11:54Z,paid
order_zo3n531d65bv2f,91401,INR,2025-05-10T01:15:01Z,paid
order_fawe0t0n4ue0dw,9900,INR,2025-05-10T02:53:44Z,paid
order_fshrycnlqzxrhr,18500,INR,2025-05-10T04:40:47Z,paid
order_mc3fp0sxglh6li,227900,INR,2025-05-10T05:02:19Z,paid
order_z11md5ysardroe,248421,INR,2025-05-10T09:31:44Z,paid
order_f4xk8ustssg5n0,95200,INR,2025-05-10T09:59:37Z,paid
order_27f6v8sds8hswg,17700,INR,2025-05-10T10:25:10Z,paid
order_kr38hgr9pb34l9,58500,INR,2025-05-10T11:08:09Z,paid
order_nb4pw77kga9hjb,13341,INR,2025-05-10T11:38:00Z,paid
order_tlr66tnj1z1486,42888,INR,2025-05-10T12:13:26Z,paid
order_1cfvvbv3mlkp4x,9900,INR,2025-05-10T14:30:37Z,paid
order_icjh9jqet2n2ak,9900,INR,2025-05-10T14:32:06Z,paid
order_71xo9nbl7mxtcf,43800,INR,2025-05-10T15:45:54Z,paid
order_vs9ujym6rdw3wn,333100,INR,2025-05-10T15:54:42Z,paid
order_ecdm6z2q5w3xlb,199900,INR,2025-05-10T20:14:28Z,paid
order_joct1n7kt6zk2u,60000,INR,2025-05-10T21:13:00Z,pending
order_opcbm8u6euwow6,15000,INR,2025-05-10T22:50:04Z,paid
order_8mrpcoyhsjrhbs,84269,INR,2025-05-10T23:59:46Z,paid
order_nqtaqlrhj606cp,173400,INR,2025-05-11T01:07:02Z,paid
order_vrs0uo9hpbfbem,173395,INR,2025-05-11T01:56:47Z,paid
order_ep1j7jdbrn1w9u,9900,INR,2025-05-11T03:45:08Z,paid
order_gxf4ytcbes15xy,11100,INR,2025-05-11T03:48:25Z,paid
order_2sy9jozpcsz1zd,550400,INR,2025-05-11T04:23:55Z,paid
order_561olrjwmgstfs,71553,INR,2025-05-11T05:27:19Z,paid
order_5tskfa25fff4sd,9900,INR,2025-05-11T05:57:47Z,paid
order_60hs7yyc78utky,602700,INR,2025-05-11T06:42:29Z,paid
order_qapn944cwg801p,2299819,INR,2025-05-11T08:14:29Z,paid
"order_lznf4i8cvdab2k  ",225900,INR,2025-05-11T10:00:13Z,paid
order_wnkvmrcxytzihd,50100,INR,2025-05-11T10:06:02Z,paid
order_skddt78w7pitol,339100,INR,2025-05-11T10:43:47Z,paid
" order_k2kvc4rvn05y4q  ",94174,INR,2025-05-11T11:20:34Z,paid
order_2sv0noupmftkk1,129300,INR,2025-05-11T15:29:06Z,paid
order_hzxkdzijf5rmee,53200,INR,2025-05-11T16:03:13Z,paid
order_ulz882gkrf3uzm,39300,INR,2025-05-11T20:14:32Z,paid
order_onigb29lf2elw2,115251,INR,2025-05-11T21:39:15Z,paid
order_50sum48b15nzwu,101356,INR,2025-05-11T21:54:02Z,paid
order_o0r9v2t7wf56bo,39000,INR,2025-05-11T22:59:43Z,paid
order_cj516nc6be32eo,55900,INR,2025-05-11T23:00:12Z,paid
order_3o47kdw9d5ukp7,423500,INR,2025-05-12T01:57:56Z,paid
"  order_wu33sgeeim170q ",39800,INR,2025-05-12T02:39:25Z,paid
order_bjzj4w65mdwirk,109900,INR,2025-05-12T06:15:22Z,paid
order_68oaioyn543yrk,55600,INR,2025-05-12T07:38:17Z,paid
order_wrqb7aux081y36,219500,INR,2025-05-12T09:14:28Z,pending
order_c5l1g0oze5qo1m,97000,INR,2025-05-12T10:00:08Z,paid
order_wuw1umb3mr7jph,229700,INR,2025-05-12T11:01:05Z,paid
order_2g62j992novhy9,791100,INR,2025-05-12T12:25:10Z,paid
order_jp8cue1t6i3bx8,277604,INR,2025-05-12T12:38:02Z,paid
order_gt4c00w0q7ik9r,64400,INR,2025-05-12T13:27:41Z,paid
order_8vbjiusw40vde2,134900,INR,2025-05-12T14:35:29Z,paid
order_pe9liubyfejzx9,224500,INR,2025-05-12T14:42:52Z,paid
order_r2koyzhd11inx8,245700,INR,2025-05-12T17:23:49Z,pending
order_pomo081gw1zv4f,601919,INR,2025-05-12T18:08:29Z,paid
order_jyrr9tc6sxeft9,30700,INR,2025-05-12T21:27:36Z,paid
order_dkgvusj50pytpf,52300,INR,2025-05-12T21:45:55Z,paid
order_94t604cjxtyq4q,9900,INR,2025-05-12T23:59:54Z,paid
order_d9cqnsuos7cspe,29334,INR,2025-05-13T00:33:45Z,paid
order_gppef8srza1m4y,38500,INR,2025-05-13T03:41:19Z,paid
order_oh2umjhpvk8eqx,55401,INR,2025-05-13T05:06:10Z,paid
order_2pxt0ree1hymhi,22400,INR,2025-05-13T05:37:39Z,cancelled
order_oipcjgc2x42hce,93700,INR,2025-05-13T06:51:39Z,paid
order_ij691ocofbr9k2,76603,INR,2025-05-13T07:32:58Z,paid
order_n8t0sktvqox62v,99900,INR,2025-05-13T13:50:34Z,paid
order_f5pl3e3b8cba87,529600,INR,2025-05-13T15:09:39Z,pending
order_tlfef5ggdc1ovl,16317,INR,2025-05-13T17:32:14Z,paid
order_o8derneercuhbs,116400,INR,2025-05-13T18:41:08Z,paid
order_f0x928lc86oxbx,39700,INR,2025-05-13T19:03:46Z,paid
order_teeikgn1gnkl9d,10700,INR,2025-05-13T19:15:45Z,paid
order_68z3y673m4t4xt,173616,INR,2025-05-13T19:59:54Z,paid
order_iidcgq2bzbw2kf,43600,INR,2025-05-13T20:30:15Z,paid
" order_b3bqjkmfn7dac8 ",30000,INR,2025-05-13T22:41:16Z,paid
order_bhcstph4pfzzci,9900,INR,2025-05-13T23:06:12Z,cancelled
order_sjjsmv0tab4y5s,9900,INR,2025-05-14T00:36:29Z,paid
order_6cui90ytcap9ij,9900,INR,2025-05-14T02:31:33Z,paid
order_0jn0o9qt7tlffn,50473,INR,2025-05-14T02:41:01Z,paid
order_7ga0e4zidhnz58,64600,INR,2025-05-14T03:59:27Z,paid
order_6qfw3hot9r440b,433600,INR,2025-05-14T04:20:27Z,paid
order_98ipri59sdk9q7,54072,INR,2025-05-14T05:00:21Z,paid
order_teh5qqj1agaggu,9900,INR,2025-05-14T06:30:18Z,paid
order_ijr98raehkdv3r,29454,INR,2025-05-14T06:34:53Z,paid
order_ptxbqdlhh31dfp,99400,INR,2025-05-14T08:34:15Z,paid
order_vrford4av2wzo9,155300,INR,2025-05-14T09:33:52Z,paid
order_8vqwzzqal8v3wr,49900,INR,2025-05-14T11:43:31Z,paid
order_ixhk04shkkcxyy,2103900,INR,2025-05-14T11:55:29Z,paid
order_z05jx9dc1zdz4u,19600,INR,2025-05-14T11:56:19Z,paid
order_llj0htaptq1ro2,61966,INR,2025-05-14T11:59:38Z,paid
order_atd7f6epuod0zh,71389,INR,2025-05-14T12:39:05Z,paid
"ORDEr_9eqcg7ptx7o0tp ",44700,INR,2025-05-14T13:28:41Z,paid
order_knh5qqxi1kmeh5,145026,INR,2025-05-14T13:39:30Z,paid
order_wlhvf8in1cjkwt,368104,INR,2025-05-14T17:04:47Z,pending
order_8lla32oycuu0nr,908545,INR,2025-05-14T22:10:30Z,paid
order_owvucnzkj1wbph,24500,INR,2025-05-14T22:34:49Z,paid
order_b73ictyr2c3pe7,9900,INR,2025-05-15T01:45:04Z,paid
order_ig88rl3cz6r1m0,123400,INR,2025-05-15T03:37:13Z,paid
"  order_l8xcwwasa4fb9o",24200,INR,2025-05-15T06:44:35Z,paid
order_xbymudsi6ue0lp,1407554,INR,2025-05-15T08:20:55Z,paid
order_4de82uu9ys66c0,57300,INR,2025-05-15T09:29:11Z,paid
order_jpvu3a5lcj1j3i,145979,INR,2025-05-15T11:10:10Z,paid
order_vtjf1cub68hjo8,94000,INR,2025-05-15T13:27:40Z,paid
order_pq2uzwovet26mz,94000,INR,2025-05-15T13:27:58Z,paid
order_r98tmiybd95p9j,142984,INR,2025-05-15T17:38:41Z,paid
order_397abb9abfy61x,29100,INR,2025-05-15T18:09:28Z,cancelled
order_zv83ra6csrytv4,12120,INR,2025-05-15T20:20:33Z,paid
order_j48kowf7pw6cew,24900,INR,2025-05-16T00:17:41Z,paid
order_dtdggqn0itj6m9,17300,INR,2025-05-16T00:55:42Z,paid
order_8a5ucuznybtahv,9900,INR,2025-05-16T01:13:11Z,paid
order_7y98r5nh0pnfqd,44169,INR,2025-05-16T04:49:40Z,paid
" ORDER_KH6EFI53RZ0DOD  ",135469,INR,2025-05-16T05:09:08Z,paid
order_kwf6j8s32kncoe,10967,INR,2025-05-16T05:55:16Z,paid
order_vym8gx8825v08f,14300,INR,2025-05-16T06:50:45Z,paid
order_n52wq95t937byj,9900,INR,2025-05-16T06:55:48Z,paid
order_rker54237pnzfy,30000,INR,2025-05-16T07:44:51Z,paid
order_dkqo9uhp8pdi0w,9900,INR,2025-05-16T08:03:33Z,pending
order_aun5mmycua96s4,248461,INR,2025-05-16T09:22:49Z,paid
order_ygup9qd1ztra2n,681472,INR,2025-05-16T09:34:46Z,paid
order_dfw9oe1ebhcxhl,22527,INR,2025-05-16T11:18:08Z,cancelled
order_ek78vyuuzyavft,14500,INR,2025-05-16T11:48:26Z,pending
order_lcy8ai1f73ni9n,24700,INR,2025-05-16T12:52:22Z,paid
order_qj1k5l2c04pvci,52682,INR,2025-05-16T13:17:04Z,paid
ORDEr_pk44vc7mvlr204,74200,INR,2025-05-16T19:42:39Z,paid
order_55ysd4vbbyqaxv,118300,INR,2025-05-16T23:21:52Z,paid
order_1g5gy8ishrstez,12400,INR,2025-05-16T23:22:32Z,paid
order_56qqy8mf1pd6cg,41900,INR,2025-05-17T01:43:49Z,paid
order_hr7076sbcewmfe,529186,INR,2025-05-17T01:57:01Z,paid
order_bliq409yd3l7oj,321000,INR,2025-05-17T05:56:34Z,paid
order_2sxkb432ekq97f,9900,INR,2025-05-17T07:10:14Z,pending
order_tix87o27je9vd2,399101,INR,2025-05-17T10:23:54Z,cancelled
order_ooa992p4fw7xhx,42300,INR,2025-05-17T11:09:34Z,paid
order_k94yerxc9b7090,721156,INR,2025-05-17T12:40:06Z,paid
order_axevg87qkojmnw,49600,INR,2025-05-17T12:52:22Z,paid
order_gljgzld3dqv91q,220700,INR,2025-05-17T12:52:44Z,paid
order_pgwgpsp0521dlx,9900,INR,2025-05-17T15:55:42Z,paid
order_k3th78js47yu3l,94600,INR,2025-05-17T19:55:15Z,paid
order_d71e0kqc7egtty,195900,INR,2025-05-17T19:56:15Z,paid
order_qfx74zb7uhwfpz,22700,INR,2025-05-17T20:52:32Z,paid
order_r4l53a0e63yy3d,61800,INR,2025-05-17T21:29:46Z,paid
order_az1vt4m08ru55d,4356600,INR,2025-05-17T22:14:53Z,paid
order_ggwfhdljtq050o,63000,INR,2025-05-18T00:24:21Z,paid
order_g4pyv960s7clqp,9900,INR,2025-05-18T00:58:51Z,paid
order_owbdegxsoh4zli,15975,INR,2025-05-18T03:14:34Z,paid
order_y956cdtvqhupg5,9900,INR,2025-05-18T04:23:34Z,paid
order_fxgp7yn9g1lq6y,16000,INR,2025-05-18T04:59:29Z,cancelled
order_o0sb8kgr2p4mwa,24700,INR,2025-05-18T05:23:06Z,paid
order_u31bhpxswzziba,21000,INR,2025-05-18T05:41:27Z,paid
order_53cw4dbdm7kitq,160117,INR,2025-05-18T06:31:01Z,paid
order_eliev5xz159u01,19988,INR,2025-05-18T07:28:59Z,paid
order_oo8ulmlml3j3jv,26100,INR,2025-05-18T08:45:54Z,paid
order_02nh2sec1p52r8,44600,INR,2025-05-18T10:27:48Z,paid
order_ag3l1f7xthj92e,30800,INR,2025-05-18T11:04:17Z,paid
order_of82stajhdl3za,17800,INR,2025-05-18T11:33:14Z,paid
order_lnbdmh355l7mmh,157900,INR,2025-05-18T11:53:21Z,paid
order_34zhkz5zo9mcar,14300,INR,2025-05-18T13:53:28Z,paid
order_lm8r2kcr8xsc09,33500,INR,2025-05-18T14:50:46Z,paid
order_vxwogaznlaexkb,33500,INR,2025-05-18T14:52:10Z,paid
order_i2qc5ipy2ms1kj,622066,INR,2025-05-18T21:19:12Z,paid
order_570bm8lwxog4kh,381848,INR,2025-05-18T23:01:21Z,paid
order_28wcdxe4brsphl,11200,INR,2025-05-18T23:18:12Z,paid
order_1c90qdygey8vlc,432313,INR,2025-05-18T23:45:57Z,paid
order_onohwtn2rdf22w,89200,INR,2025-05-18T23:52:55Z,paid
order_4r5f5b15giip2o,869600,INR,2025-05-19T00:17:43Z,paid
order_sjw5ri50lhsyva,203000,INR,2025-05-19T00:47:40Z,paid
"ORDER_QVR1N6VWICSMP3  ",35700,INR,2025-05-19T00:55:52Z,paid
order_m5y36k1q8b68yh,46900,INR,2025-05-19T02:24:25Z,paid
order_ign8rz43j3njc0,1049420,INR,2025-05-19T04:19:47Z,paid
order_upffqdvuayle7e,221842,INR,2025-05-19T04:51:01Z,paid
order_or0djb3dcmylfh,9900,INR,2025-05-19T06:50:47Z,paid
order_p00td351bqnpde,186500,INR,2025-05-19T07:49:36Z,paid
order_1dnsw86n3yr9rv,10300,INR,2025-05-19T09:02:05Z,paid
order_hxs7pj27eip2rt,20100,INR,2025-05-19T09:10:24Z,paid
order_yn6nvbr0f3uifi,155400,INR,2025-05-19T10:16:26Z,paid
order_l02r5jbu6sx3xy,43100,INR,2025-05-19T12:44:29Z,paid
order_f3modwc3zxyr8o,139400,INR,2025-05-19T13:40:43Z,paid
order_ppyn96hi2kmm8z,62230,INR,2025-05-19T17:23:52Z,paid
order_rprfl1zslky9su,572500,INR,2025-05-19T17:51:56Z,paid
order_vovhez0k77pvmx,164300,INR,2025-05-19T18:50:16Z,paid
order_7gqhjbe70318ck,387900,INR,2025-05-19T19:36:14Z,paid
order_tfhf7ay2b80odq,3449236,INR,2025-05-19T23:38:53Z,paid
order_yjx28fvzh019jm,148602,INR,2025-05-20T00:23:55Z,paid
order_dsnpm07e5kditk,16800,INR,2025-05-20T00:24:06Z,paid
order_qrnnrdnnbv0u9q,9900,INR,2025-05-20T02:33:23Z,paid
order_rt2a5sskf2jo3c,279600,INR,2025-05-20T04:28:19Z,paid
order_6luexriy49trbb,126100,INR,2025-05-20T05:09:44Z,paid
order_dtrvbk6j1x00zg,12800,INR,2025-05-20T06:48:02Z,paid
order_a5y0750km1tw53,430600,INR,2025-05-20T06:48:41Z,paid
order_ra5qb9wnrquw5h,267735,INR,2025-05-20T06:56:27Z,paid
order_ovg9gyzutw61ac,29400,INR,2025-05-20T07:45:07Z,paid
order_792rlx4e9xl0nw,72120,INR,2025-05-20T08:19:48Z,paid
order_c3wcrz8lp8bxxb,86958,INR,2025-05-20T08:30:12Z,paid
order_xusexdlq1iany5,94100,INR,2025-05-20T16:13:08Z,paid
order_xy4sramt3agzgo,137300,INR,2025-05-20T18:07:06Z,paid
order_3m05do3url8l4r,14800,INR,2025-05-20T19:38:48Z,pending
order_4obgvyq7g95ho3,810600,INR,2025-05-20T23:35:48Z,paid
order_dtj7z8s56zqk2a,56279,INR,2025-05-20T23:37:08Z,paid
order_8hf8zbvh5rzeoa,48800,INR,2025-05-20T23:52:14Z,paid
order_l23il5h97i91ik,125500,INR,2025-05-21T02:32:58Z,paid
"  order_263673s23hjsn3 ",134300,INR,2025-05-21T03:47:12Z,paid
order_ym15au7oxbianl,21700,INR,2025-05-21T04:05:51Z,paid
order_cpe63qrft7x9a5,15999,INR,2025-05-21T07:10:13Z,cancelled
order_cdzenqgl47j5b1,181000,INR,2025-05-21T10:26:27Z,paid
order_hj02hwylj9833t,40841,INR,2025-05-21T10:26:54Z,paid
" order_2ahkeiy96ttbjz  ",17851,INR,2025-05-21T12:01:10Z,paid
order_jr014xixtqzznl,66525,INR,2025-05-21T16:08:59Z,paid
order_50kfcgdjjtm8y6,146800,INR,2025-05-21T16:19:15Z,paid
order_9q4ftwhv2u2xjv,15100,INR,2025-05-21T19:22:47Z,paid
"  ORDER_GZSCL52HV8NQSU ",40151,INR,2025-05-21T21:35:13Z,paid
order_gzy2n4eraxrokv,9900,INR,2025-05-21T22:22:16Z,paid
order_1vduw8oxoz82vx,35600,INR,2025-05-21T22:46:57Z,pending
order_mhw5l2oe5na0w5,9900,INR,2025-05-21T23:46:39Z,paid
order_5xryqb9y7u49dj,159600,INR,2025-05-22T00:20:14Z,paid
order_hs6awedzt7xcz4,20100,INR,2025-05-22T01:47:33Z,paid
order_sn4eii44y2nvfm,18300,INR,2025-05-22T03:09:00Z,paid
order_z595ektsgcq3u9,12200,INR,2025-05-22T03:14:20Z,paid
order_cjqwbecc02gr4k,9900,INR,2025-05-22T03:36:28Z,paid
order_4v2ki535ier7bc,205592,INR,2025-05-22T04:06:16Z,paid
order_9u6pumvl0kq4z9,9900,INR,2025-05-22T04:44:29Z,paid
order_xdy5d09z1yetf0,56653,INR,2025-05-22T04:52:35Z,paid
order_ozvjsu8exd4nz1,24500,INR,2025-05-22T04:54:27Z,paid
order_5zli6vfakmwl4h,213100,INR,2025-05-22T06:22:49Z,paid
order_a40j3h73qc0jxn,272500,INR,2025-05-22T08:54:35Z,paid
" order_rpz2l4mzyfxqde  ",116100,INR,2025-05-22T09:20:33Z,paid
order_vg9bbalhbw0oxz,68600,INR,2025-05-22T09:53:10Z,paid
"ORDEr_4njkaogqmz1ucs  ",13328,INR,2025-05-22T10:46:30Z,paid
order_4nyz05eqdrdlcu,20600,INR,2025-05-22T12:57:41Z,paid
order_cc77q6kcggot5z,87300,INR,2025-05-22T14:57:33Z,paid
order_0pgv4m23oobf2d,137100,INR,2025-05-22T17:45:29Z,paid
order_q6t2ogyqc1whmy,69200,INR,2025-05-22T17:50:03Z,paid
order_masvpu43gvbcwv,39200,INR,2025-05-22T17:59:16Z,paid
order_9srukslmyvdi20,186600,INR,2025-05-22T19:25:07Z,paid
order_hl6idosz6lbbd5,11100,INR,2025-05-22T22:51:03Z,paid
order_i4xshvyhknz7yk,21000,INR,2025-05-22T23:37:19Z,paid
order_fj31olmkhj57m2,117300,INR,2025-05-22T23:40:09Z,cancelled
order_2mzbca345y5wzr,22100,INR,2025-05-23T00:01:46Z,paid
order_1tnzwd5k07qt29,31383,INR,2025-05-23T00:43:24Z,paid
order_p7s16nfufyc3cu,34700,INR,2025-05-23T02:10:07Z,paid
order_icg8s5c3m22cjz,33847,INR,2025-05-23T06:27:46Z,paid
order_20iy99nfptew9n,26000,INR,2025-05-23T07:30:15Z,paid
order_l0z7z9y8x8ldp1,69700,INR,2025-05-23T08:00:26Z,paid
order_dxdtazqr891ug5,102800,INR,2025-05-23T10:44:16Z,paid
order_zn43oftxvkym0e,456200,INR,2025-05-23T13:35:00Z,paid
order_jf9ac9igh0fsh3,29600,INR,2025-05-23T15:32:24Z,paid
order_gw6julwcktdeg3,354500,INR,2025-05-23T18:45:30Z,paid
"order_4v6nubnh0hyh2k  ",104908,INR,2025-05-23T19:41:51Z,paid
order_k9wl71kmw6phxf,9900,INR,2025-05-23T22:33:11Z,pending
order_jppef9d2nabc2c,9900,INR,2025-05-23T22:38:07Z,paid
order_ehi4ae2dqk8n5n,215000,INR,2025-05-23T22:48:32Z,paid
order_ri1y1bw557fhyf,2578300,INR,2025-05-24T01:56:47Z,paid
order_i6toxywsh22lfz,38900,INR,2025-05-24T02:54:15Z,pending
order_kbx5z2wl0wda23,40600,INR,2025-05-24T05:33:19Z,paid
order_kpgpbub9kt4hxi,91575,INR,2025-05-24T06:43:47Z,paid
order_klv1xy16s4ok1r,21100,INR,2025-05-24T07:23:33Z,paid
order_cwqq8eeslwc6sh,124967,INR,2025-05-24T08:28:07Z,paid
order_ovizhs2uchh52i,24400,INR,2025-05-24T13:48:20Z,paid
order_4v3r5hgpjtz76f,127200,INR,2025-05-24T15:00:28Z,paid
order_3qekw008r46z4n,281600,INR,2025-05-24T15:25:27Z,paid
order_837svxgnr3xevw,30400,INR,2025-05-24T16:48:49Z,paid
"  ORDER_76YI0I4JTJQLUK  ",9900,INR,2025-05-24T21:29:02Z,paid
order_m1k1iprthkfbed,1881100,INR,2025-05-24T23:18:46Z,paid
order_7ay2v7ug3ucfmh,63100,INR,2025-05-25T01:38:45Z,paid
order_vif7r42vkbqdic,19400,INR,2025-05-25T03:00:47Z,paid
" ORDER_Q6J8GXQRPRL1GK  ",9900,INR,2025-05-25T04:44:59Z,paid
order_rjzdcyvoa20xzl,298751,INR,2025-05-25T04:57:53Z,paid
" ORDER_RQ2V5MK8BRJCJJ  ",159100,INR,2025-05-25T05:14:10Z,paid
order_vqv2gnpnfg6nau,20600,INR,2025-05-25T09:05:46Z,paid
order_bditl6we7rnh57,50700,INR,2025-05-25T14:45:22Z,paid
order_zc61ryapl41lrd,3735186,INR,2025-05-25T14:48:50Z,paid
order_asad9smpjglbcc,383000,INR,2025-05-25T16:08:55Z,paid
order_sw2gw9mipyot4g,23900,INR,2025-05-25T18:18:32Z,paid
order_rrcxplybk94hn6,19493,INR,2025-05-25T20:42:32Z,paid
"  ORDER_HWQ6ZOP5JPTIFA",9900,INR,2025-05-26T01:03:52Z,paid
order_syfxnwgddqfm3e,101463,INR,2025-05-26T01:58:21Z,paid
order_oi8fu3m68zghs5,55600,INR,2025-05-26T03:07:28Z,paid
order_jsiilwrge8elc3,9900,INR,2025-05-26T03:18:45Z,cancelled
"  order_y3ndqzdmjyl8af ",12472,INR,2025-05-26T05:11:43Z,paid
order_fn0beiwnw9o20a,332600,INR,2025-05-26T05:13:26Z,paid
order_xwesfjp50drs20,151700,INR,2025-05-26T05:25:41Z,paid
order_cbh0nk8iltyshr,951000,INR,2025-05-26T06:44:35Z,paid
order_da06cgb8xf5x2d,53800,INR,2025-05-26T10:17:56Z,paid
order_hyr7dzmbzxvrpg,36400,INR,2025-05-26T12:51:37Z,pending
order_bhhgv33r0f18hv,9900,INR,2025-05-26T14:00:19Z,paid
order_6btkin2be1bgxg,19000,INR,2025-05-26T14:04:27Z,paid
order_kziesmo5j2reye,9900,INR,2025-05-26T14:44:26Z,paid
order_dwefbdif0b4n5d,27200,INR,2025-05-26T16:34:44Z,paid
order_xy6dkyxoz2cm9l,43700,INR,2025-05-26T16:47:36Z,paid
order_ok2bdezmcdeoo5,177962,INR,2025-05-26T17:07:28Z,paid
order_w17onf6ugb4dts,45800,INR,2025-05-26T18:06:57Z,paid
order_hc7ofxomg76b5m,351595,INR,2025-05-26T18:31:51Z,paid
order_pxirf496urb21e,18100,INR,2025-05-26T19:04:36Z,paid
order_j2s1yd14x6efmx,342300,INR,2025-05-26T22:54:12Z,paid
order_72fnzlcu4vdgzv,40200,INR,2025-05-27T00:25:00Z,paid
order_cn3gdq5qvba2k5,40200,INR,2025-05-27T00:26:09Z,paid
order_ncss4vlm73220y,9900,INR,2025-05-27T04:07:35Z,paid
order_3ccs3iy2dr9cjh,15800,INR,2025-05-27T05:15:29Z,paid
order_81gklhj9dneghi,87200,INR,2025-05-27T05:49:29Z,paid
" order_1apk3rawrje3sy  ",245200,INR,2025-05-27T06:45:10Z,paid
order_l9qtytoy9ll60w,43800,INR,2025-05-27T08:33:09Z,paid
order_w5yfk8rjw10zg4,25900,INR,2025-05-27T09:30:31Z,paid
order_a74e8kp9q8f338,29300,INR,2025-05-27T11:23:25Z,paid
order_bqjcnktpxatm4e,28100,INR,2025-05-27T11:23:25Z,paid
order_tw36oiu1tdsik5,40500,INR,2025-05-27T13:46:05Z,paid
order_zi4zo7anj8waq0,155699,INR,2025-05-27T13:54:15Z,paid
order_dnvj01n67x0en0,103632,INR,2025-05-27T17:18:17Z,paid
order_nhs8gbv6cc395g,36086,INR,2025-05-27T19:00:07Z,paid
order_aqacy9fa42px64,14000,INR,2025-05-27T19:22:36Z,paid
order_a2ls38l2mmvsbw,32000,INR,2025-05-27T20:49:40Z,paid
" ORDEr_b9x5z4850u76fk ",70800,INR,2025-05-28T01:23:46Z,paid
order_k8mlgd3wox5pft,50166,INR,2025-05-28T02:34:26Z,paid
order_8kagcmr7pvz7nf,188350,INR,2025-05-28T04:45:20Z,paid
order_63av5yyl6gob1f,59100,INR,2025-05-28T06:01:09Z,paid
order_6cs8yjtzwft0mz,24102,INR,2025-05-28T07:05:26Z,paid
order_1k9gp4ywp6bxvy,158900,INR,2025-05-28T07:29:40Z,paid
order_v5ll56a3t8d003,61697,INR,2025-05-28T10:02:11Z,paid
order_e5m22yggs07rh5,353165,INR,2025-05-28T12:03:34Z,paid
order_opeusro0tvn056,69310,INR,2025-05-28T14:02:17Z,paid
order_h7hz3swmxujrin,42900,INR,2025-05-28T14:45:41Z,paid
order_6jghu70njrm5mv,18800,INR,2025-05-28T14:57:52Z,paid
order_9xomoptuook2dk,33900,INR,2025-05-28T17:53:10Z,paid
order_bzpsijove70133,12800,INR,2025-05-28T18:39:14Z,paid
order_kr7qx2utn1sser,219000,INR,2025-05-28T19:05:44Z,paid
order_ietkqpqvz884hh,66000,INR,2025-05-28T21:09:31Z,paid
order_ngmvkit63ib2rv,227200,INR,2025-05-28T21:29:34Z,paid
order_ddzqkoamtgv7rp,785500,INR,2025-05-28T21:48:44Z,paid
order_t32w7sm1llqomm,44400,INR,2025-05-28T23:54:33Z,paid
order_e5q22nj2pyq3o1,62800,INR,2025-05-29T00:13:39Z,paid
order_qclpa1ijfdot56,10583,INR,2025-05-29T00:17:54Z,pending
order_nadx085qzfjfbk,36621,INR,2025-05-29T03:01:22Z,paid
order_usnkhwn1doyd1p,81600,INR,2025-05-29T06:34:53Z,paid
"  ORDEr_u9qckec2gsg3h9",17410,INR,2025-05-29T07:36:30Z,paid
order_prjcmqd5n74rpq,165400,INR,2025-05-29T09:20:47Z,paid
order_gtb8g9oin87bzz,19400,INR,2025-05-29T09:37:54Z,paid
order_x3w7rc79u42p6d,11000,INR,2025-05-29T10:17:30Z,paid
order_w5g4h8qpaobnro,73700,INR,2025-05-29T10:46:19Z,paid
"  ORDEr_n6ybny9inhgwm3 ",434669,INR,2025-05-29T10:56:03Z,paid
order_k3k8krwtwz49ua,4932700,INR,2025-05-29T11:00:08Z,pending
order_moeaklljygmq3x,97698,INR,2025-05-29T13:20:43Z,paid
order_r5hu8m9zbkw64c,303621,INR,2025-05-29T14:12:03Z,paid
order_vavtx3u0idzgr7,135800,INR,2025-05-29T16:45:49Z,cancelled
order_z1j5qgxsg4de9h,51400,INR,2025-05-29T17:24:52Z,paid
order_n9u522dbgy5kb3,183939,INR,2025-05-29T21:57:24Z,paid
order_78uavkkkzlpjm2,17200,INR,2025-05-29T23:45:41Z,paid
"  order_gkl6wbcs8q9w18  ",46300,INR,2025-05-30T00:04:22Z,paid
order_q4ho62t2zg55rd,323800,INR,2025-05-30T01:09:07Z,paid
"  order_9c6qhk4g3p8sc0  ",13100,INR,2025-05-30T04:33:28Z,paid
order_vxydk8qdrod2tx,9900,INR,2025-05-30T05:34:09Z,paid
order_q5xr6745mxemud,796200,INR,2025-05-30T06:00:45Z,paid
order_atk1i8g9l6y76m,36199,INR,2025-05-30T08:00:47Z,paid
order_00lnghbqftvu2u,537100,INR,2025-05-30T12:26:37Z,cancelled
order_ul2bgjnb8nysij,493219,INR,2025-05-30T12:38:09Z,cancelled
order_gzr0v20thrm7lp,410900,INR,2025-05-30T13:46:05Z,paid
order_lsohk7wlsnqgu6,675600,INR,2025-05-30T15:52:55Z,pending
order_x5oimd5oqlw39x,27632,INR,2025-05-30T17:22:10Z,paid
order_slt5kmvbt5wrs4,17387,INR,2025-05-30T18:35:38Z,paid
order_0xa8gcgh84jba9,178500,INR,2025-05-30T18:57:24Z,paid
order_wlk73v5y968xjy,60400,INR,2025-05-30T20:08:15Z,paid
order_nos5z2e7d1fis3,1465200,INR,2025-05-30T20:36:48Z,paid
order_iq96dy1ape4uvi,25193,INR,2025-05-30T21:00:21Z,paid
order_qfxfveh5byqwko,251843,INR,2025-05-30T21:38:12Z,paid
order_2yg67vpjzhgx7n,15200,INR,2025-05-30T23:31:51Z,paid
order_7xmxx0lq12p7eb,9900,INR,2025-05-30T23:33:11Z,paid
