entity_id,type,order_id,payment_id,method,currency,debit_paise,credit_paise,amount_paise,fee_paise,tax_paise,settlement_id,settled_at,settlement_utr,settlement_status,settlement_net_amount_paise,settlement_fee_paise,settlement_tax_paise,settlement_created_at
pay_2dcihab1cu3sug,payment,order_my14uo3xv5x5e4,pay_2dcihab1cu3sug,upi,INR,0,36500,36500,0,0,setl_5377hl4h2u43t9,2025-05-03T05:30:00Z,535865994834,processed,4473578,61966,11155,2025-05-03T05:30:00Z
pay_69egivowzqub45,payment,order_wwgscxnjy6dq0m,pay_69egivowzqub45,card,INR,0,40838,41826,837,151,setl_5377hl4h2u43t9,2025-05-03T05:30:00Z,535865994834,processed,4473578,61966,11155,2025-05-03T05:30:00Z
pay_69uhb3b7m881fm,payment,order_ea8ywdwy2a4isn,pay_69uhb3b7m881fm,upi,INR,0,139426,139426,0,0,setl_5377hl4h2u43t9,2025-05-03T05:30:00Z,535865994834,processed,4473578,61966,11155,2025-05-03T05:30:00Z
pay_8jg0udftf98tkq,payment,order_x05g2ps82ugqf5,"  pay_8jg0udftf98tkq  ",wallet,INR,0,66788,68569,1509,272,setl_5377hl4h2u43t9,2025-05-03T05:30:00Z,535865994834,processed,4473578,61966,11155,2025-05-03T05:30:00Z
pay_9kc4e2krsi0j9u,payment,order_6o5erjww6c50o6,pay_9kc4e2krsi0j9u,upi,INR,0,26200,26200,0,0,setl_5377hl4h2u43t9,2025-05-03T05:30:00Z,535865994834,processed,4473578,61966,11155,2025-05-03T05:30:00Z
pay_atudn558kphqs9,payment,order_z6o3acktd9dmxm,pay_atudn558kphqs9,upi,INR,0,89900,89900,0,0,setl_5377hl4h2u43t9,2025-05-03T05:30:00Z,535865994834,processed,4473578,61966,11155,2025-05-03T05:30:00Z
pay_bx8r02xp9wqdde,payment,order_7wl9699s94byik,pay_bx8r02xp9wqdde,upi,INR,0,9900,9900,0,0,setl_5377hl4h2u43t9,2025-05-03T05:30:00Z,535865994834,processed,4473578,61966,11155,2025-05-03T05:30:00Z
pay_hm4qxp0t3p11nw,payment,order_qr2bxbhlyjdcdw,pay_hm4qxp0t3p11nw,card,INR,0,356093,364700,7294,1313,setl_5377hl4h2u43t9,2025-05-03T05:30:00Z,535865994834,processed,4473578,61966,11155,2025-05-03T05:30:00Z
"PAY_j3rup4c65weohe  ",payment,order_sprqm5uo03jbep,pay_j3rup4c65weohe,upi,INR,0,165606,165606,0,0,setl_5377hl4h2u43t9,2025-05-03T05:30:00Z,535865994834,processed,4473578,61966,11155,2025-05-03T05:30:00Z
pay_j8sbjaytvvwvnz,payment,order_fputr60jbp25zk,pay_j8sbjaytvvwvnz,upi,INR,0,178838,178838,0,0,setl_5377hl4h2u43t9,2025-05-03T05:30:00Z,535865994834,processed,4473578,61966,11155,2025-05-03T05:30:00Z
pay_jlsaghmnit6b4b,payment,order_2gp9dt27kqkdqw,pay_jlsaghmnit6b4b,upi,INR,0,66400,66400,0,0,setl_5377hl4h2u43t9,2025-05-03T05:30:00Z,535865994834,processed,4473578,61966,11155,2025-05-03T05:30:00Z
"  PAY_JQBQ8CK7GAOVY4  ",payment,order_9c8d0pqjb118sc,pay_jqbq8ck7gaovy4,upi,INR,0,116028,116028,0,0,setl_5377hl4h2u43t9,2025-05-03T05:30:00Z," 535865994834",processed,4473578,61966,11155,2025-05-03T05:30:00Z
"  pay_k7w3pf78p2ppnt ",payment,order_anxtzom29cvntw," pay_k7w3pf78p2ppnt ",upi,INR,0,582365,582365,0,0,setl_5377hl4h2u43t9,2025-05-03T05:30:00Z,535865994834,processed,4473578,61966,11155,2025-05-03T05:30:00Z
pay_mms1b7xgg4kazy,payment,order_3nt6wl8epwfpsg,pay_mms1b7xgg4kazy,card,INR,0,1990294,2038400,40768,7338,setl_5377hl4h2u43t9,2025-05-03T05:30:00Z,535865994834,processed,4473578,61966,11155,2025-05-03T05:30:00Z
pay_tmg9bjrgqzqt6x,payment,order_1j622ibtxcl020,pay_tmg9bjrgqzqt6x,card,INR,0,53311,54600,1092,197,setl_5377hl4h2u43t9,2025-05-03T05:30:00Z,535865994834,processed,4473578,61966,11155,2025-05-03T05:30:00Z
pay_vp5wdk3q5zpioo,payment,order_6cmwdf21v7wwdq,pay_vp5wdk3q5zpioo,card,INR,0,510950,523300,10466,1884,setl_5377hl4h2u43t9,2025-05-03T05:30:00Z,535865994834,processed,4473578,61966,11155,2025-05-03T05:30:00Z
pay_yj3rm6hx3ecxzc,payment,order_61y2ko1l4nsqj2,pay_yj3rm6hx3ecxzc,upi,INR,0,10100,10100,0,0,setl_5377hl4h2u43t9,2025-05-03T05:30:00Z,535865994834,processed,4473578,61966,11155,2025-05-03T05:30:00Z
pay_z5cr3x4071cqph,payment,order_wjfvit2ne900xo,pay_z5cr3x4071cqph,upi,INR,0,34041,34041,0,0,setl_5377hl4h2u43t9,2025-05-03T05:30:00Z,535865994834,processed,4473578,61966,11155,2025-05-03T05:30:00Z
pay_4h3jdowa5guvt8,payment," ORDER_YVJGMFF0FWXKER ",pay_4h3jdowa5guvt8,netbanking,INR,0,88333,90251,1625,293,setl_ek5m80ki41mq0j,2025-05-04T05:30:00Z,249322824588,processed,2228868,3941,710,2025-05-04T05:30:00Z
pay_5cx9cx2t4unqxj,payment,order_7xrwl8gqbb75p8,pay_5cx9cx2t4unqxj,upi,INR,0,9900,9900,0,0,setl_ek5m80ki41mq0j,2025-05-04T05:30:00Z,249322824588,processed,2228868,3941,710,2025-05-04T05:30:00Z
pay_635kzenfheumjv,payment,order_deyci0vywv9dvh,pay_635kzenfheumjv,upi,INR,0,11200,11200,0,0,setl_ek5m80ki41mq0j,2025-05-04T05:30:00Z,249322824588,processed,2228868,3941,710,2025-05-04T05:30:00Z
pay_717eaoisdsaz95,payment,order_vrzt1qjpobx8zk,pay_717eaoisdsaz95,upi,INR,0,99600,99600,0,0,setl_ek5m80ki41mq0j,2025-05-04T05:30:00Z,249322824588,processed,2228868,3941,710,2025-05-04T05:30:00Z
pay_9e8ra9ww6x6jbs,payment," ORDEr_i5kwrl9m4w25rf",pay_9e8ra9ww6x6jbs,upi,INR,0,9900,9900,0,0,setl_ek5m80ki41mq0j,2025-05-04T05:30:00Z,249322824588,processed,2228868,3941,710,2025-05-04T05:30:00Z
pay_azaygn07kw6qbu,payment,order_sbxc61x3bvtrsr,pay_azaygn07kw6qbu,upi,INR,0,42500,42500,0,0,setl_ek5m80ki41mq0j,2025-05-04T05:30:00Z,249322824588,processed,2228868,3941,710,2025-05-04T05:30:00Z
pay_mlg1heknu3u1fb,payment,order_xg6u78im1hwul9,pay_mlg1heknu3u1fb,upi,INR,0,14326,14326,0,0,setl_ek5m80ki41mq0j,2025-05-04T05:30:00Z,"  249322824588  ",processed,2228868,3941,710,2025-05-04T05:30:00Z
pay_p9u36ud02pogjs,payment,order_lc6qt3en93tlaw,pay_p9u36ud02pogjs,upi,INR,0,140810,140810,0,0,setl_ek5m80ki41mq0j,2025-05-04T05:30:00Z,249322824588,processed,2228868,3941,710,2025-05-04T05:30:00Z
pay_rv3acwpvlk1ehm,payment,order_i145hi3myi99pw,pay_rv3acwpvlk1ehm,card,INR,0,37930,38847,777,140,setl_ek5m80ki41mq0j,2025-05-04T05:30:00Z,249322824588,processed,2228868,3941,710,2025-05-04T05:30:00Z
pay_tuf7cllxl11j4w,payment,order_u2hwsjb3jmuzid,pay_tuf7cllxl11j4w,card,INR,0,33393,34200,684,123,setl_ek5m80ki41mq0j,2025-05-04T05:30:00Z,249322824588,processed,2228868,3941,710,2025-05-04T05:30:00Z
pay_y2ywgmtpgduudy,payment,order_x19v0qobr19rl9,pay_y2ywgmtpgduudy,upi,INR,0,98343,98343,0,0,setl_ek5m80ki41mq0j,2025-05-04T05:30:00Z,249322824588,processed,2228868,3941,710,2025-05-04T05:30:00Z
pay_y9m49743p0gdl9,payment,order_2oi5r3fuujhrzi,pay_y9m49743p0gdl9,upi,INR,0,59004,59004,0,0,setl_ek5m80ki41mq0j,2025-05-04T05:30:00Z,249322824588,processed,2228868,3941,710,2025-05-04T05:30:00Z
pay_zglg12wqck1ncl,payment,order_nqbgqbdhwow4j0,pay_zglg12wqck1ncl,card,INR,0,41729,42738,855,154,setl_ek5m80ki41mq0j,2025-05-04T05:30:00Z,249322824588,processed,2228868,3941,710,2025-05-04T05:30:00Z
pay_znho1efp8ocd8u,payment,order_qd08rqnd9udfcb,pay_znho1efp8ocd8u,upi,INR,0,1541900,1541900,0,0,setl_ek5m80ki41mq0j,2025-05-04T05:30:00Z,249322824588,processed,2228868,3941,710,2025-05-04T05:30:00Z
"PAY_31op1amfterfe0  ",payment,order_v72xx7madra1ic,pay_31op1amfterfe0,upi,INR,0,111200,111200,0,0,setl_1kb7ws08ojoal2,2025-05-05T05:30:00Z,540876212627,processed,2446032,18884,3399,2025-05-05T05:30:00Z
pay_45nynzv42l51fv,payment,order_d4z1dbe5ozch6m,pay_45nynzv42l51fv,netbanking,INR,0,220416,225200,4054,730,setl_1kb7ws08ojoal2,2025-05-05T05:30:00Z,540876212627,processed,2446032,18884,3399,2025-05-05T05:30:00Z
pay_5kk9xikhi69xn1,payment,order_e4ou5ontbk88ut,pay_5kk9xikhi69xn1,upi,INR,0,60786,60786,0,0,setl_1kb7ws08ojoal2,2025-05-05T05:30:00Z,540876212627,processed,2446032,18884,3399,2025-05-05T05:30:00Z
pay_6mkyzj5yoiyb7j,payment,order_wjk4zgw59mp93u,pay_6mkyzj5yoiyb7j,card,INR,0,87095,89200,1784,321,setl_1kb7ws08ojoal2,2025-05-05T05:30:00Z,540876212627,processed,2446032,18884,3399,2025-05-05T05:30:00Z
pay_75u51bvveo7k7v,payment,order_iwt3obyg03fjjy,pay_75u51bvveo7k7v,upi,INR,0,63900,63900,0,0,setl_1kb7ws08ojoal2,2025-05-05T05:30:00Z,540876212627,processed,2446032,18884,3399,2025-05-05T05:30:00Z
pay_9es8pdenoc850h,payment,order_todrv24y96qu7g,pay_9es8pdenoc850h,upi,INR,0,10643,10643,0,0,setl_1kb7ws08ojoal2,2025-05-05T05:30:00Z,540876212627,processed,2446032,18884,3399,2025-05-05T05:30:00Z
pay_aoj4gqa155i4v9,payment,order_87n15wi8vh1pzc,pay_aoj4gqa155i4v9,upi,INR,0,487604,487604,0,0,"  SETL_1kb7ws08ojoal2  ",2025-05-05T05:30:00Z,540876212627,processed,2446032,18884,3399,2025-05-05T05:30:00Z
pay_fotswjgjadqj45,payment,order_uht6s3i8v95vhh,"  pay_fotswjgjadqj45  ",wallet,INR,0,68453,70277,1546,278,setl_1kb7ws08ojoal2,2025-05-05T05:30:00Z,540876212627,processed,2446032,18884,3399,2025-05-05T05:30:00Z
pay_h8a7r25eqj98mh,payment,order_sjbhyphyd0ln5s,pay_h8a7r25eqj98mh,upi,INR,0,16000,16000,0,0,setl_1kb7ws08ojoal2,2025-05-05T05:30:00Z,540876212627,processed,2446032,18884,3399,2025-05-05T05:30:00Z
"  pay_m1eamqoe7ku5ep",payment,order_lty0anikeakeje,pay_m1eamqoe7ku5ep,upi,INR,0,616800,616800,0,0,setl_1kb7ws08ojoal2,2025-05-05T05:30:00Z,540876212627,processed,2446032,18884,3399,2025-05-05T05:30:00Z
pay_mgx2u956vsn4jc,payment,order_xvk250xrnv9koo,pay_mgx2u956vsn4jc,upi,INR,0,24500,24500,0,0,setl_1kb7ws08ojoal2,2025-05-05T05:30:00Z,540876212627,processed,2446032,18884,3399,2025-05-05T05:30:00Z
pay_oiidsj8pk675ak,payment,order_ks8emhmevb1mfv,pay_oiidsj8pk675ak,upi,INR,0,36505,36505,0,0,setl_1kb7ws08ojoal2,2025-05-05T05:30:00Z,"  540876212627 ",processed,2446032,18884,3399,2025-05-05T05:30:00Z
pay_ryd5v1vt7ga0e9,payment,order_gle4lkzqmewvzz,"  pay_ryd5v1vt7ga0e9  ",upi,INR,0,66500,66500,0,0,setl_1kb7ws08ojoal2,2025-05-05T05:30:00Z," 540876212627",processed,2446032,18884,3399,2025-05-05T05:30:00Z
" PAY_tdoqzfxb4soisr ",payment,order_79r7h6bar2l6xt,pay_tdoqzfxb4soisr,netbanking,INR,0,138984,142000,2556,460,setl_1kb7ws08ojoal2,2025-05-05T05:30:00Z,540876212627,processed,2446032,18884,3399,2025-05-05T05:30:00Z
pay_w9dbw8bvf8ypky,payment,order_bk40vlvzu4nyl9,pay_w9dbw8bvf8ypky,card,INR,0,97542,99900,1998,360,setl_1kb7ws08ojoal2,2025-05-05T05:30:00Z,540876212627,processed,2446032,18884,3399,2025-05-05T05:30:00Z
" pay_zucc6bbtgpvg02 ",payment,order_ef2a7ra2ttvl2w,pay_zucc6bbtgpvg02,card,INR,0,339104,347300,6946,1250,setl_1kb7ws08ojoal2,2025-05-05T05:30:00Z,540876212627,processed,2446032,18884,3399,2025-05-05T05:30:00Z
pay_56hzj5zcypb3q2,payment,order_0s3k75fwurgl64,pay_56hzj5zcypb3q2,upi,INR,0,13442,13442,0,0,setl_2l18sswp1sby2y,2025-05-06T05:30:00Z,839364411736,processed,2402011,24494,4408,2025-05-06T05:30:00Z
pay_5hgpmhzdfruyiv,payment,order_gc4oii63m8ui9w,pay_5hgpmhzdfruyiv,upi,INR,0,42101,42101,0,0,setl_2l18sswp1sby2y,2025-05-06T05:30:00Z,839364411736,processed,2402011,24494,4408,2025-05-06T05:30:00Z
pay_7rzzq78w2r2lcb,payment,order_v724xt1t838z4s,pay_7rzzq78w2r2lcb,card,INR,0,13963,14300,286,51,"setl_2l18sswp1sby2y  ",2025-05-06T05:30:00Z,839364411736,processed,2402011,24494,4408,2025-05-06T05:30:00Z
"PAY_9KEWI3DH19JRR0 ",payment,order_tytq0s4zmk88rp,pay_9kewi3dh19jrr0,upi,INR,0,567525,567525,0,0,setl_2l18sswp1sby2y,2025-05-06T05:30:00Z,839364411736,processed,2402011,24494,4408,2025-05-06T05:30:00Z
pay_9mrhrp0wv95rs1,payment,order_09j5qk7gkdmwi9,pay_9mrhrp0wv95rs1,netbanking,INR,0,63034,64402,1159,209,setl_2l18sswp1sby2y,2025-05-06T05:30:00Z,839364411736,processed,2402011,24494,4408,2025-05-06T05:30:00Z
pay_adyd3pifsmowcu,payment,order_ivdw3322o53ta6,pay_adyd3pifsmowcu,wallet,INR,0,11201,11500,253,46,setl_2l18sswp1sby2y,2025-05-06T05:30:00Z,839364411736,processed,2402011,24494,4408,2025-05-06T05:30:00Z
pay_al5fj3lnp7qdp1,payment,order_fnig6mkeh44z7q,pay_al5fj3lnp7qdp1,upi,INR,0,20000,20000,0,0,setl_2l18sswp1sby2y,2025-05-06T05:30:00Z,839364411736,processed,2402011,24494,4408,2025-05-06T05:30:00Z
pay_e6zrtkv5lo950a,payment,order_o1ur3woiy7712x,pay_e6zrtkv5lo950a,upi,INR,0,229900,229900,0,0,setl_2l18sswp1sby2y,2025-05-06T05:30:00Z,839364411736,processed,2402011,24494,4408,2025-05-06T05:30:00Z
pay_j7jc7kt1ca1uuw,payment,order_ai55h3enu3bcss,pay_j7jc7kt1ca1uuw,card,INR,0,44708,45789,916,165,setl_2l18sswp1sby2y,2025-05-06T05:30:00Z," 839364411736  ",processed,2402011,24494,4408,2025-05-06T05:30:00Z
"PAY_k38pknltdmiiue  ",payment,order_pj5lwb1avaiz26,pay_k38pknltdmiiue,netbanking,INR,0,322090,327500,4585,825,setl_2l18sswp1sby2y,2025-05-06T05:30:00Z,839364411736,processed,2402011,24494,4408,2025-05-06T05:30:00Z
pay_n4pfcg3phetmkq,payment,order_gfy72pmg7ww21h,pay_n4pfcg3phetmkq,card,INR,0,138649,142000,2840,511,"  setl_2l18sswp1sby2y  ",2025-05-06T05:30:00Z,839364411736,processed,2402011,24494,4408,2025-05-06T05:30:00Z
pay_niedw9ab36mruv,payment,order_pjxir6m9ylrkmh,pay_niedw9ab36mruv,upi,INR,0,10098,10098,0,0,setl_2l18sswp1sby2y,2025-05-06T05:30:00Z,839364411736,processed,2402011,24494,4408,2025-05-06T05:30:00Z
pay_nzug9d0bt6ppur,payment,order_jyk7bolg9qjhlg,pay_nzug9d0bt6ppur,card,INR,0,47844,49000,980,176,setl_2l18sswp1sby2y,2025-05-06T05:30:00Z,839364411736,processed,2402011,24494,4408,2025-05-06T05:30:00Z
pay_ssvfdrpru6xqie,payment,order_l7s5lmbi5bq64t,pay_ssvfdrpru6xqie,upi,INR,0,30700,30700,0,0,setl_2l18sswp1sby2y,2025-05-06T05:30:00Z,839364411736,processed,2402011,24494,4408,2025-05-06T05:30:00Z
pay_t4ydydv8gg96i9,payment,order_civ7xej77yqy3b,pay_t4ydydv8gg96i9,card,INR,0,63836,65379,1308,235,setl_2l18sswp1sby2y,2025-05-06T05:30:00Z,839364411736,processed,2402011,24494,4408,2025-05-06T05:30:00Z
pay_vieq8tr332wwvq,payment,order_xs01twx8e3mt1f,pay_vieq8tr332wwvq,upi,INR,0,54235,54235,0,0,setl_2l18sswp1sby2y,2025-05-06T05:30:00Z,839364411736,processed,2402011,24494,4408,2025-05-06T05:30:00Z
pay_yft4fm3tvv3wzi,payment,"order_82zogrvtj4jgx2 ",pay_yft4fm3tvv3wzi,card,INR,0,561097,574659,11493,2069,setl_2l18sswp1sby2y,2025-05-06T05:30:00Z,839364411736,processed,2402011,24494,4408,2025-05-06T05:30:00Z
pay_zxwunwa1gaj79n,payment,order_w9yyd1sb3iifh6,pay_zxwunwa1gaj79n,upi,INR,0,167588,168383,674,121,setl_2l18sswp1sby2y,2025-05-06T05:30:00Z,839364411736,processed,2402011,24494,4408,2025-05-06T05:30:00Z
" pay_3otd4aswir3zqd ",payment,order_dupx5xh6gxjhtw,pay_3otd4aswir3zqd,upi,INR,0,66818,66818,0,0,setl_2ts409fniwwqg2,2025-05-07T05:30:00Z,997058336328,processed,2810212,9505,1711,2025-05-07T05:30:00Z
pay_5689pnv89h1n6p,payment,order_rny5pj6gkklghb,pay_5689pnv89h1n6p,upi,INR,0,161400,161400,0,0,setl_2ts409fniwwqg2,2025-05-07T05:30:00Z,997058336328,processed,2810212,9505,1711,2025-05-07T05:30:00Z
pay_80qkjnjhbzfjb2,payment,order_97p76dr5jr2m0m,pay_80qkjnjhbzfjb2,wallet,INR,0,25130,25800,568,102,setl_2ts409fniwwqg2,2025-05-07T05:30:00Z,997058336328,processed,2810212,9505,1711,2025-05-07T05:30:00Z
pay_a8pamlt27l4kvx,payment,order_s2xiurubcw1hcb,pay_a8pamlt27l4kvx,upi,INR,0,1261500,1261500,0,0,setl_2ts409fniwwqg2,2025-05-07T05:30:00Z,997058336328,processed,2810212,9505,1711,2025-05-07T05:30:00Z
pay_bhtwb0ofv7n3ua,payment,"ORDEr_kgugr4growynk0  ",pay_bhtwb0ofv7n3ua,card,INR,0,49182,50370,1007,181,setl_2ts409fniwwqg2,2025-05-07T05:30:00Z,997058336328,processed,2810212,9505,1711,2025-05-07T05:30:00Z
pay_g61bj233824xbb,payment,order_5dt6sbzpvfkqvj,pay_g61bj233824xbb,card,INR,0,48527,49700,994,179,setl_2ts409fniwwqg2,2025-05-07T05:30:00Z,"  997058336328  ",processed,2810212,9505,1711,2025-05-07T05:30:00Z
pay_hgzlelbuhrnz63,payment,order_ppyom6lrvtvilk,pay_hgzlelbuhrnz63,upi,INR,0,9900,9900,0,0,setl_2ts409fniwwqg2,2025-05-07T05:30:00Z,997058336328,processed,2810212,9505,1711,2025-05-07T05:30:00Z
pay_i7wzol40mouy6h,payment,order_t9xm7eyiizex32,pay_i7wzol40mouy6h,wallet,INR,0,28832,29600,651,117,setl_2ts409fniwwqg2,2025-05-07T05:30:00Z,997058336328,processed,2810212,9505,1711,2025-05-07T05:30:00Z
pay_o1v1ki7jsc7lez,payment,order_r3q0pp9xxmlq55,"pay_o1v1ki7jsc7lez ",netbanking,INR,0,16478,16836,303,55,setl_2ts409fniwwqg2,2025-05-07T05:30:00Z,"  997058336328  ",processed,2810212,9505,1711,2025-05-07T05:30:00Z
pay_s1jf9vbs4gdild,payment,order_kfm0hor2ptpi8q,pay_s1jf9vbs4gdild,card,INR,0,292041,299100,5982,1077,setl_2ts409fniwwqg2,2025-05-07T05:30:00Z,997058336328,processed,2810212,9505,1711,2025-05-07T05:30:00Z
pay_t9o3za1ml3ewrw,payment,order_5va07fhkx4owd3,pay_t9o3za1ml3ewrw,upi,INR,0,27200,27200,0,0,setl_2ts409fniwwqg2,2025-05-07T05:30:00Z,997058336328,processed,2810212,9505,1711,2025-05-07T05:30:00Z
pay_v3glz4jrm6cxe0,payment,order_bc7sdrdxzt24ac,pay_v3glz4jrm6cxe0,upi,INR,0,249887,249887,0,0,setl_2ts409fniwwqg2,2025-05-07T05:30:00Z,997058336328,processed,2810212,9505,1711,2025-05-07T05:30:00Z
pay_ymfzqvceyghd0h,payment,order_cly4fk9g0k7tzg,pay_ymfzqvceyghd0h,upi,INR,0,573317,573317,0,0,setl_2ts409fniwwqg2,2025-05-07T05:30:00Z,997058336328,processed,2810212,9505,1711,2025-05-07T05:30:00Z
pay_45e784hrlrysjy,payment,order_swttdhelgid6ox,pay_45e784hrlrysjy,card,INR,0,110821,113500,2270,409,setl_ltmteg78lta99p,2025-05-08T05:30:00Z,824154022940,processed,643067,5856,1055,2025-05-08T05:30:00Z
pay_7rqpm4mfaek5iu,payment,order_6k99ts2zwztf5u,pay_7rqpm4mfaek5iu,upi,INR,0,121900,121900,0,0,setl_ltmteg78lta99p,2025-05-08T05:30:00Z,"  824154022940 ",processed,643067,5856,1055,2025-05-08T05:30:00Z
pay_br4uxe0pjifpo0,payment,order_s94qv30kompcol,pay_br4uxe0pjifpo0,upi,INR,0,11400,11400,0,0,setl_ltmteg78lta99p,2025-05-08T05:30:00Z,824154022940,processed,643067,5856,1055,2025-05-08T05:30:00Z
pay_brc2riwus49ga3,payment,order_rrrxhy3welg5dt,pay_brc2riwus49ga3,card,INR,0,16501,16900,338,61,setl_ltmteg78lta99p,2025-05-08T05:30:00Z,824154022940,processed,643067,5856,1055,2025-05-08T05:30:00Z
pay_bv2n85m47qlrgx,payment,order_cgttujii7kd73d,pay_bv2n85m47qlrgx,upi,INR,0,11000,11000,0,0,setl_ltmteg78lta99p,2025-05-08T05:30:00Z,824154022940,processed,643067,5856,1055,2025-05-08T05:30:00Z
pay_gpdriyg5dm8tsf,payment,order_9bgxf353acx47d,pay_gpdriyg5dm8tsf,upi,INR,0,93200,93200,0,0,setl_ltmteg78lta99p,2025-05-08T05:30:00Z,"  824154022940  ",processed,643067,5856,1055,2025-05-08T05:30:00Z
pay_nwesuvv9s2c5rd,payment,order_iw9xa27llrdha1,pay_nwesuvv9s2c5rd,card,INR,0,13474,13800,276,50,setl_ltmteg78lta99p,2025-05-08T05:30:00Z,824154022940,processed,643067,5856,1055,2025-05-08T05:30:00Z
pay_osasvbkmpcrysz,payment,order_88vrkwor2migvz,pay_osasvbkmpcrysz,upi,INR,0,80400,80400,0,0,setl_ltmteg78lta99p,2025-05-08T05:30:00Z,824154022940,processed,643067,5856,1055,2025-05-08T05:30:00Z
"  pay_rq8rzeq5w4yo1y",payment,order_l3hupx35tavfrr,pay_rq8rzeq5w4yo1y,upi,INR,0,39300,39300,0,0,setl_ltmteg78lta99p,2025-05-08T05:30:00Z,824154022940,processed,643067,5856,1055,2025-05-08T05:30:00Z
pay_us1l6niggidweu,payment,order_vi4mc0szod9cer,"  pay_us1l6niggidweu ",card,INR,0,9666,9900,198,36,setl_ltmteg78lta99p,2025-05-08T05:30:00Z,824154022940,processed,643067,5856,1055,2025-05-08T05:30:00Z
pay_wmv9itqm0ifhw3,payment,order_ybx3rkzzsdws4z,pay_wmv9itqm0ifhw3,card,INR,0,135405,138678,2774,499,setl_ltmteg78lta99p,2025-05-08T05:30:00Z,"  824154022940 ",processed,643067,5856,1055,2025-05-08T05:30:00Z
pay_28crg22k3kwnz7,payment," ORDER_V8YA75U3QUTH6O  ",pay_28crg22k3kwnz7,wallet,INR,0,226562,232600,5117,921,setl_ppgy8a6b1guo9h,2025-05-09T05:30:00Z,745065385326,on_hold,3330059,14665,2640,2025-05-09T05:30:00Z
pay_2dzfs266ei16mj,payment,order_bnrlm0fla7iwym,"PAY_2DZFS266EI16MJ ",upi,INR,0,117700,117700,0,0,setl_ppgy8a6b1guo9h,2025-05-09T05:30:00Z,745065385326,on_hold,3330059,14665,2640,2025-05-09T05:30:00Z
pay_2iez0w3ywbtubo,payment," ORDEr_6sqqqcuweukw72",pay_2iez0w3ywbtubo,upi,INR,0,885800,885800,0,0,setl_ppgy8a6b1guo9h,2025-05-09T05:30:00Z,745065385326,on_hold,3330059,14665,2640,2025-05-09T05:30:00Z
pay_536y2i7e39y7yk,payment,"  ORDEr_s7zjwin5capke0",pay_536y2i7e39y7yk,upi,INR,0,491900,491900,0,0,setl_ppgy8a6b1guo9h,2025-05-09T05:30:00Z,745065385326,on_hold,3330059,14665,2640,2025-05-09T05:30:00Z
pay_5ckrabmsf5nt5t,payment,order_aelyd1b563g2gb,pay_5ckrabmsf5nt5t,netbanking,INR,0,9690,9900,178,32,setl_ppgy8a6b1guo9h,2025-05-09T05:30:00Z,745065385326,on_hold,3330059,14665,2640,2025-05-09T05:30:00Z
pay_9d2dstkxekbw3m,payment,order_9g1gm9qbz0vhdy,pay_9d2dstkxekbw3m,upi,INR,0,164753,164753,0,0,setl_ppgy8a6b1guo9h,2025-05-09T05:30:00Z,745065385326,on_hold,3330059,14665,2640,2025-05-09T05:30:00Z
pay_c6zwu5afwvrhim,payment,order_5qzl8vuru5k5t1,pay_c6zwu5afwvrhim,netbanking,INR,0,17405,17783,320,58,setl_ppgy8a6b1guo9h,2025-05-09T05:30:00Z,745065385326,on_hold,3330059,14665,2640,2025-05-09T05:30:00Z
pay_h0tbtsk5061luv,payment,order_g2ef2sima56frj,pay_h0tbtsk5061luv,upi,INR,0,73400,73400,0,0,setl_ppgy8a6b1guo9h,2025-05-09T05:30:00Z,745065385326,on_hold,3330059,14665,2640,2025-05-09T05:30:00Z
pay_hulyu759c43c2l,payment,order_cz2hsfeitlx8c4,pay_hulyu759c43c2l,card,INR,0,113360,116100,2322,418,setl_ppgy8a6b1guo9h,2025-05-09T05:30:00Z,745065385326,on_hold,3330059,14665,2640,2025-05-09T05:30:00Z
pay_iga7vlp79qq1f9,payment,order_y6e34voy1idu15,pay_iga7vlp79qq1f9,upi,INR,0,48749,48749,0,0,setl_ppgy8a6b1guo9h,2025-05-09T05:30:00Z,745065385326,on_hold,3330059,14665,2640,2025-05-09T05:30:00Z
pay_iy4tbfcbf1w7f3,payment,order_p1qwxjtyhhmy79,pay_iy4tbfcbf1w7f3,card,INR,0,29954,30679,614,111,setl_ppgy8a6b1guo9h,2025-05-09T05:30:00Z,745065385326,on_hold,3330059,14665,2640,2025-05-09T05:30:00Z
pay_lyz6sa5e5qvfpv,payment,order_3c7q8hr4bl2ael,pay_lyz6sa5e5qvfpv,card,INR,0,9666,9900,198,36,SETL_ppgy8a6b1guo9h,2025-05-09T05:30:00Z,745065385326,on_hold,3330059,14665,2640,2025-05-09T05:30:00Z
pay_mil7kqft1dkbe3,payment,order_xrvzr6wn68dlgu,pay_mil7kqft1dkbe3,upi,INR,0,382700,382700,0,0,setl_ppgy8a6b1guo9h,2025-05-09T05:30:00Z,745065385326,on_hold,3330059,14665,2640,2025-05-09T05:30:00Z
pay_mpb0z9jafv9z7o,payment,order_gac624ywql0qax,pay_mpb0z9jafv9z7o,upi,INR,0,205600,205600,0,0,"SETL_ppgy8a6b1guo9h ",2025-05-09T05:30:00Z,745065385326,on_hold,3330059,14665,2640,2025-05-09T05:30:00Z
pay_pzy2s9nciqthy3,payment,order_ljlsygm2b7muhu,pay_pzy2s9nciqthy3,upi,INR,0,77800,77800,0,0,setl_ppgy8a6b1guo9h,2025-05-09T05:30:00Z,745065385326,on_hold,3330059,14665,2640,2025-05-09T05:30:00Z
pay_u5x9iomauykae1,payment,order_ml4jkyv35bkdz5,"PAY_U5X9IOMAUYKAE1 ",card,INR,0,221448,226800,4536,816,"SETL_ppgy8a6b1guo9h  ",2025-05-09T05:30:00Z,"745065385326  ",on_hold,3330059,14665,2640,2025-05-09T05:30:00Z
pay_wcj429bxv4u7sg,payment,order_yfb47cqntvy74m,pay_wcj429bxv4u7sg,card,INR,0,67372,69000,1380,248,setl_ppgy8a6b1guo9h,2025-05-09T05:30:00Z,745065385326,on_hold,3330059,14665,2640,2025-05-09T05:30:00Z
pay_yxtzd2eoty4x17,payment,order_gqerkscfafpj49,pay_yxtzd2eoty4x17,upi,INR,0,186200,186200,0,0,setl_ppgy8a6b1guo9h,2025-05-09T05:30:00Z,745065385326,on_hold,3330059,14665,2640,2025-05-09T05:30:00Z
pay_3sj31vbiymu8qr,payment,order_b9johokyxlww5y,pay_3sj31vbiymu8qr,card,INR,0,331293,339300,6786,1221,setl_7qg64hou0prv1c,2025-05-10T05:30:00Z,405438256496,processed,1196900,7660,1379,2025-05-10T05:30:00Z
pay_48eblv494y8h8k,payment,order_93rzbwv6gmyxm2,pay_48eblv494y8h8k,upi,INR,0,52900,52900,0,0,setl_7qg64hou0prv1c,2025-05-10T05:30:00Z,405438256496,processed,1196900,7660,1379,2025-05-10T05:30:00Z
pay_8zkkkqmx2k2m3w,payment,order_m1xib8iiwcyozo,pay_8zkkkqmx2k2m3w,upi,INR,0,78900,78900,0,0,setl_7qg64hou0prv1c,2025-05-10T05:30:00Z,405438256496,processed,1196900,7660,1379,2025-05-10T05:30:00Z
pay_ceam1ztqcmlrxo,payment,order_cb9i88m9zrhfhj,pay_ceam1ztqcmlrxo,upi,INR,0,50400,50400,0,0,"  SETL_7QG64HOU0PRV1C ",2025-05-10T05:30:00Z,405438256496,processed,1196900,7660,1379,2025-05-10T05:30:00Z
pay_he2cdg7orirsil,payment,order_4oxoqaprfrv5gh,pay_he2cdg7orirsil,upi,INR,0,28500,28500,0,0,setl_7qg64hou0prv1c,2025-05-10T05:30:00Z,405438256496,processed,1196900,7660,1379,2025-05-10T05:30:00Z
pay_moj7f404r2llqh,payment,order_axkj8ty6v78yvf,pay_moj7f404r2llqh,upi,INR,0,69600,69600,0,0,"  SETL_7QG64HOU0PRV1C ",2025-05-10T05:30:00Z,405438256496,processed,1196900,7660,1379,2025-05-10T05:30:00Z
pay_n1qzy5466420br,payment,order_frbprlljixu8k5,pay_n1qzy5466420br,card,INR,0,9666,9900,198,36,setl_7qg64hou0prv1c,2025-05-10T05:30:00Z,405438256496,processed,1196900,7660,1379,2025-05-10T05:30:00Z
pay_qwtuf0yg57knsp,payment,order_9l0pe863hv5yb5,"PAY_qwtuf0yg57knsp  ",upi,INR,0,180100,180100,0,0,setl_7qg64hou0prv1c,2025-05-10T05:30:00Z,405438256496,processed,1196900,7660,1379,2025-05-10T05:30:00Z
pay_st8xdioyk6vajm,payment,order_80vfuqt9j0cdpo,pay_st8xdioyk6vajm,upi,INR,0,299700,299700,0,0,setl_7qg64hou0prv1c,2025-05-10T05:30:00Z,405438256496,processed,1196900,7660,1379,2025-05-10T05:30:00Z
"PAY_V2DFB01ZGF37B5  ",payment,order_gkitoxb25bx0ah,pay_v2dfb01zgf37b5,netbanking,INR,0,36741,37539,676,122,setl_7qg64hou0prv1c,2025-05-10T05:30:00Z,405438256496,processed,1196900,7660,1379,2025-05-10T05:30:00Z
pay_y606929b3dsehy,payment,order_n0dd0xpsi50se1,pay_y606929b3dsehy,upi,INR,0,59100,59100,0,0,setl_7qg64hou0prv1c,2025-05-10T05:30:00Z,405438256496,processed,1196900,7660,1379,2025-05-10T05:30:00Z
"pay_1nuttxaswqdzv5 ",payment,order_8p2wtnzmo1jvoh,pay_1nuttxaswqdzv5,upi,INR,0,19200,19200,0,0,setl_6jspyfu044zzg0,2025-05-11T05:30:00Z,233052484403,processed,3084214,2642,476,2025-05-11T05:30:00Z
pay_45atwt50p9olqi,payment,order_2sadbdkddmttag,pay_45atwt50p9olqi,upi,INR,0,43400,43400,0,0,setl_6jspyfu044zzg0,2025-05-11T05:30:00Z,233052484403,processed,3084214,2642,476,2025-05-11T05:30:00Z
pay_81x2t2sgcdcjyy,payment,order_eaf7c5psd3cniz,pay_81x2t2sgcdcjyy,upi,INR,0,15500,15500,0,0,setl_6jspyfu044zzg0,2025-05-11T05:30:00Z,233052484403,processed,3084214,2642,476,2025-05-11T05:30:00Z
pay_breb0ultmjp9di,payment,order_aoin50sr6rgzl2,pay_breb0ultmjp9di,card,INR,0,65614,67200,1344,242,setl_6jspyfu044zzg0,2025-05-11T05:30:00Z,233052484403,processed,3084214,2642,476,2025-05-11T05:30:00Z
pay_i2qlb3xu1367uq,payment,order_0z46xfrasfzn4g,"  PAY_i2qlb3xu1367uq",card,INR,0,63368,64900,1298,234,setl_6jspyfu044zzg0,2025-05-11T05:30:00Z,233052484403,processed,3084214,2642,476,2025-05-11T05:30:00Z
pay_kdvvd76fa1q6dy,payment,order_zaul9iru723az6,pay_kdvvd76fa1q6dy,upi,INR,0,193300,193300,0,0,setl_6jspyfu044zzg0,2025-05-11T05:30:00Z,233052484403,processed,3084214,2642,476,2025-05-11T05:30:00Z
pay_mcsxposfz363mp,payment,order_29ekyvhifxp1xq,pay_mcsxposfz363mp,upi,INR,0,97100,97100,0,0,setl_6jspyfu044zzg0,2025-05-11T05:30:00Z,233052484403,processed,3084214,2642,476,2025-05-11T05:30:00Z
pay_tfp2pj7s3fzcd9,payment,order_8pav80fgryriw4,pay_tfp2pj7s3fzcd9,upi,INR,0,2061065,2061065,0,0,setl_6jspyfu044zzg0,2025-05-11T05:30:00Z,"  233052484403",processed,3084214,2642,476,2025-05-11T05:30:00Z
pay_upomp0cwxx54r2,payment,order_xvc5ywp3ipd7hi,pay_upomp0cwxx54r2,upi,INR,0,9900,9900,0,0,"  setl_6jspyfu044zzg0",2025-05-11T05:30:00Z,233052484403,processed,3084214,2642,476,2025-05-11T05:30:00Z
pay_veinihfonl8xn4,payment,order_ibk96xa8rzqosv," PAY_veinihfonl8xn4",upi,INR,0,547767,547767,0,0,setl_6jspyfu044zzg0,2025-05-11T05:30:00Z,233052484403,processed,3084214,2642,476,2025-05-11T05:30:00Z
pay_vov1zmt7co1uic,payment,order_wf25i3h6h5el4d,pay_vov1zmt7co1uic,upi,INR,0,98700,98700,0,0,setl_6jspyfu044zzg0,2025-05-11T05:30:00Z,233052484403,processed,3084214,2642,476,2025-05-11T05:30:00Z
pay_wzfxkuwxt6fyus,payment,order_avb1bj6b652bcg,pay_wzfxkuwxt6fyus,upi,INR,0,12700,12700,0,0,setl_6jspyfu044zzg0,2025-05-11T05:30:00Z,233052484403,processed,3084214,2642,476,2025-05-11T05:30:00Z
rfnd_cesf40bcv2j3se,refund,order_y99um1p64f4e83,pay_5r2ogzk9fsh5af,,INR,143400,0,143400,0,0,"SETL_6JSPYFU044ZZG0 ",2025-05-11T05:30:00Z,233052484403,processed,3084214,2642,476,2025-05-11T05:30:00Z
pay_3q4ug4m3v9gkhc,payment,order_71xo9nbl7mxtcf,pay_3q4ug4m3v9gkhc,card,INR,0,42766,43800,876,158,setl_p2n6nqmaoruiex,2025-05-12T05:30:00Z,823289948772,processed,2046408,6431,1157,2025-05-12T05:30:00Z
pay_43vg5m9cjaok1o,payment,order_vs9ujym6rdw3wn,pay_43vg5m9cjaok1o,upi,INR,0,333100,333100,0,0,setl_p2n6nqmaoruiex,2025-05-12T05:30:00Z,823289948772,processed,2046408,6431,1157,2025-05-12T05:30:00Z
pay_5mhi55v7l6w9sy,payment,order_mc3fp0sxglh6li,pay_5mhi55v7l6w9sy,card,INR,0,222522,227900,4558,820,setl_p2n6nqmaoruiex,2025-05-12T05:30:00Z,823289948772,processed,2046408,6431,1157,2025-05-12T05:30:00Z
pay_5w7dr8u6y3y6st,payment,order_opcbm8u6euwow6,pay_5w7dr8u6y3y6st,wallet,INR,0,14611,15000,330,59,setl_p2n6nqmaoruiex,2025-05-12T05:30:00Z,823289948772,processed,2046408,6431,1157,2025-05-12T05:30:00Z
pay_6pm1cq84r90k5z,payment,order_tlr66tnj1z1486,pay_6pm1cq84r90k5z,upi,INR,0,42888,42888,0,0,setl_p2n6nqmaoruiex,2025-05-12T05:30:00Z,823289948772,processed,2046408,6431,1157,2025-05-12T05:30:00Z
pay_agctl14ue2orki,payment,order_fawe0t0n4ue0dw,pay_agctl14ue2orki,upi,INR,0,9900,9900,0,0,"setl_p2n6nqmaoruiex  ",2025-05-12T05:30:00Z,823289948772,processed,2046408,6431,1157,2025-05-12T05:30:00Z
pay_e1x657r7u4tcrw,payment,order_z11md5ysardroe,pay_e1x657r7u4tcrw,upi,INR,0,248421,248421,0,0,setl_p2n6nqmaoruiex,2025-05-12T05:30:00Z,823289948772,processed,2046408,6431,1157,2025-05-12T05:30:00Z
pay_g2djaumy88bbmk,payment,order_kr38hgr9pb34l9,pay_g2djaumy88bbmk,card,INR,0,32558,33345,667,120,setl_p2n6nqmaoruiex,2025-05-12T05:30:00Z,823289948772,processed,2046408,6431,1157,2025-05-12T05:30:00Z
pay_h91gfn0vm0jmf8,payment,order_nb4pw77kga9hjb,pay_h91gfn0vm0jmf8,upi,INR,0,13341,13341,0,0,setl_p2n6nqmaoruiex,2025-05-12T05:30:00Z,823289948772,processed,2046408,6431,1157,2025-05-12T05:30:00Z
pay_hwbjzfgy1k5vp7,payment,order_27f6v8sds8hswg,pay_hwbjzfgy1k5vp7,upi,INR,0,17700,17700,0,0,setl_p2n6nqmaoruiex,2025-05-12T05:30:00Z,823289948772,processed,2046408,6431,1157,2025-05-12T05:30:00Z
pay_ju82j5s9p4hrjs,payment,order_fshrycnlqzxrhr,pay_ju82j5s9p4hrjs,upi,INR,0,18500,18500,0,0,setl_p2n6nqmaoruiex,2025-05-12T05:30:00Z,823289948772,processed,2046408,6431,1157,2025-05-12T05:30:00Z
pay_olfa1nq4fzsqyf,payment,order_1cfvvbv3mlkp4x,"  PAY_OLFA1NQ4FZSQYF  ",upi,INR,0,9900,9900,0,0,setl_p2n6nqmaoruiex,2025-05-12T05:30:00Z,823289948772,processed,2046408,6431,1157,2025-05-12T05:30:00Z
pay_qtnp7r1elkbdub,payment,order_h69w3hfbx71f16,pay_qtnp7r1elkbdub,upi,INR,0,748900,748900,0,0,"  SETL_p2n6nqmaoruiex",2025-05-12T05:30:00Z,823289948772,processed,2046408,6431,1157,2025-05-12T05:30:00Z
pay_s4fscyg62bywe0,payment,order_zo3n531d65bv2f,pay_s4fscyg62bywe0,upi,INR,0,91401,91401,0,0,setl_p2n6nqmaoruiex,2025-05-12T05:30:00Z,823289948772,processed,2046408,6431,1157,2025-05-12T05:30:00Z
pay_sc6d2vmbg56vz6,payment,order_ecdm6z2q5w3xlb,"  PAY_sc6d2vmbg56vz6",upi,INR,0,199900,199900,0,0,setl_p2n6nqmaoruiex,2025-05-12T05:30:00Z,823289948772,processed,2046408,6431,1157,2025-05-12T05:30:00Z
"  PAY_06968KGE8E5EX7 ",payment,order_skddt78w7pitol,pay_06968kge8e5ex7,upi,INR,0,339100,339100,0,0,setl_tvu6cgdarlsxxw,2025-05-13T05:30:00Z,469174013941,processed,4493467,54906,9882,2025-05-13T05:30:00Z
pay_07c7cddvfwm3ev,payment,order_hzxkdzijf5rmee,pay_07c7cddvfwm3ev,wallet,INR,0,51819,53200,1170,211,setl_tvu6cgdarlsxxw,2025-05-13T05:30:00Z,469174013941,processed,4493467,54906,9882,2025-05-13T05:30:00Z
pay_0wx2hbiv388mhy,payment,order_lznf4i8cvdab2k,pay_0wx2hbiv388mhy,upi,INR,0,225900,225900,0,0,setl_tvu6cgdarlsxxw,2025-05-13T05:30:00Z,469174013941,processed,4493467,54906,9882,2025-05-13T05:30:00Z
pay_9fiie2n73619io,payment,order_2sy9jozpcsz1zd,"  PAY_9FIIE2N73619IO ",upi,INR,0,550400,550400,0,0,setl_tvu6cgdarlsxxw,2025-05-13T05:30:00Z,469174013941,processed,4493467,54906,9882,2025-05-13T05:30:00Z
" PAY_a0ok950rdghc8y ",payment,order_ep1j7jdbrn1w9u,pay_a0ok950rdghc8y,card,INR,0,9666,9900,198,36,setl_tvu6cgdarlsxxw,2025-05-13T05:30:00Z,469174013941,processed,4493467,54906,9882,2025-05-13T05:30:00Z
pay_ajzjm0wfce0nya,payment,order_qapn944cwg801p,pay_ajzjm0wfce0nya,card,INR,0,2245544,2299819,45996,8279,setl_tvu6cgdarlsxxw,2025-05-13T05:30:00Z,"  469174013941  ",processed,4493467,54906,9882,2025-05-13T05:30:00Z
pay_atz50phact4bjr,payment,order_wnkvmrcxytzihd,pay_atz50phact4bjr,upi,INR,0,50100,50100,0,0,setl_tvu6cgdarlsxxw,2025-05-13T05:30:00Z,469174013941,processed,4493467,54906,9882,2025-05-13T05:30:00Z
pay_bcitsqcrj2kyhm,payment,order_k2kvc4rvn05y4q,pay_bcitsqcrj2kyhm,upi,INR,0,94174,94174,0,0,setl_tvu6cgdarlsxxw,2025-05-13T05:30:00Z,469174013941,processed,4493467,54906,9882,2025-05-13T05:30:00Z
pay_e4ktium1tjn9ct,payment,order_60hs7yyc78utky,pay_e4ktium1tjn9ct,upi,INR,0,602700,602700,0,0,setl_tvu6cgdarlsxxw,2025-05-13T05:30:00Z,"  469174013941",processed,4493467,54906,9882,2025-05-13T05:30:00Z
pay_eoy09g0038yrnl,payment," order_561olrjwmgstfs  ",pay_eoy09g0038yrnl,upi,INR,0,71553,71553,0,0,setl_tvu6cgdarlsxxw,2025-05-13T05:30:00Z,469174013941,processed,4493467,54906,9882,2025-05-13T05:30:00Z
pay_gccuyzq49ptgsn,payment,order_50sum48b15nzwu,pay_gccuyzq49ptgsn,upi,INR,0,88180,88180,0,0,setl_tvu6cgdarlsxxw,2025-05-13T05:30:00Z,469174013941,processed,4493467,54906,9882,2025-05-13T05:30:00Z
pay_netrxqoth6woxi,payment,order_onigb29lf2elw2,pay_netrxqoth6woxi,upi,INR,0,115251,115251,0,0,setl_tvu6cgdarlsxxw,2025-05-13T05:30:00Z,"  469174013941 ",processed,4493467,54906,9882,2025-05-13T05:30:00Z
pay_qn90pm0kvje4ne,payment,order_vrs0uo9hpbfbem,pay_qn90pm0kvje4ne,card,INR,0,169303,173395,3468,624,setl_tvu6cgdarlsxxw,2025-05-13T05:30:00Z,469174013941,processed,4493467,54906,9882,2025-05-13T05:30:00Z
pay_r7z9v0fr3qpyzh,payment,order_gxf4ytcbes15xy,pay_r7z9v0fr3qpyzh,upi,INR,0,11100,11100,0,0,setl_tvu6cgdarlsxxw,2025-05-13T05:30:00Z,469174013941,processed,4493467,54906,9882,2025-05-13T05:30:00Z
pay_rd39hb2zydwmhe,payment,order_cj516nc6be32eo,pay_rd39hb2zydwmhe,upi,INR,0,55900,55900,0,0,setl_tvu6cgdarlsxxw,2025-05-13T05:30:00Z,469174013941,processed,4493467,54906,9882,2025-05-13T05:30:00Z
pay_rd7blf3tgrbel3,payment,order_nqtaqlrhj606cp,pay_rd7blf3tgrbel3,upi,INR,0,173400,173400,0,0,setl_tvu6cgdarlsxxw,2025-05-13T05:30:00Z,469174013941,processed,4493467,54906,9882,2025-05-13T05:30:00Z
pay_t65yf22kfsx675,payment,order_ulz882gkrf3uzm,pay_t65yf22kfsx675,card,INR,0,38373,39300,786,141," setl_tvu6cgdarlsxxw ",2025-05-13T05:30:00Z,469174013941,processed,4493467,54906,9882,2025-05-13T05:30:00Z
pay_tqjsm6jj3tgzly,payment,order_o0r9v2t7wf56bo,pay_tqjsm6jj3tgzly,netbanking,INR,0,38172,39000,702,126,setl_tvu6cgdarlsxxw,2025-05-13T05:30:00Z,469174013941,processed,4493467,54906,9882,2025-05-13T05:30:00Z
pay_u64srivikaqa4z,payment,order_5tskfa25fff4sd,pay_u64srivikaqa4z,upi,INR,0,9900,9900,0,0,setl_tvu6cgdarlsxxw,2025-05-13T05:30:00Z,469174013941,processed,4493467,54906,9882,2025-05-13T05:30:00Z
"  pay_wycxso4xfhvnoj",payment,order_2sv0noupmftkk1,pay_wycxso4xfhvnoj,card,INR,0,126249,129300,2586,465,"  SETL_tvu6cgdarlsxxw",2025-05-13T05:30:00Z,469174013941,processed,4493467,54906,9882,2025-05-13T05:30:00Z
"rfnd_y9bdln1l67wz6b  ",refund,order_cly4fk9g0k7tzg,pay_ymfzqvceyghd0h,,INR,573317,0,573317,0,0,setl_tvu6cgdarlsxxw,2025-05-13T05:30:00Z,469174013941,processed,4493467,54906,9882,2025-05-13T05:30:00Z
pay_0713kwwyhmy02k,payment,order_2g62j992novhy9,pay_0713kwwyhmy02k,netbanking,INR,0,774297,791100,14240,2563,setl_g8jq4i4igs8eyr,2025-05-14T05:30:00Z,125164094409,processed,3088579,37579,6765,2025-05-14T05:30:00Z
pay_2zk79ffyli0k7h,payment,order_3o47kdw9d5ukp7,pay_2zk79ffyli0k7h,card,INR,0,413505,423500,8470,1525,setl_g8jq4i4igs8eyr,2025-05-14T05:30:00Z,125164094409,processed,3088579,37579,6765,2025-05-14T05:30:00Z
pay_7ymrjoa9rdaiy3,payment,order_jp8cue1t6i3bx8,pay_7ymrjoa9rdaiy3,upi,INR,0,277604,277604,0,0,setl_g8jq4i4igs8eyr,2025-05-14T05:30:00Z,125164094409,processed,3088579,37579,6765,2025-05-14T05:30:00Z
pay_9f93lrvhiv8vgy,payment,order_wu33sgeeim170q,pay_9f93lrvhiv8vgy,wallet,INR,0,38766,39800,876,158,setl_g8jq4i4igs8eyr,2025-05-14T05:30:00Z,125164094409,processed,3088579,37579,6765,2025-05-14T05:30:00Z
pay_9h7ssp4psimgn3,payment,order_c5l1g0oze5qo1m,pay_9h7ssp4psimgn3,netbanking,INR,0,94940,97000,1746,314,setl_g8jq4i4igs8eyr,2025-05-14T05:30:00Z,125164094409,processed,3088579,37579,6765,2025-05-14T05:30:00Z
pay_d82qoetn2ai6k1,payment,order_gt4c00w0q7ik9r,pay_d82qoetn2ai6k1,upi,INR,0,64400,64400,0,0,setl_g8jq4i4igs8eyr,2025-05-14T05:30:00Z,"  125164094409 ",processed,3088579,37579,6765,2025-05-14T05:30:00Z
pay_elcto6lmcevvxq,payment,order_wuw1umb3mr7jph,pay_elcto6lmcevvxq,upi,INR,0,229700,229700,0,0,setl_g8jq4i4igs8eyr,2025-05-14T05:30:00Z,125164094409,processed,3088579,37579,6765,2025-05-14T05:30:00Z
pay_gsv9yrhtoozga8,payment,order_pomo081gw1zv4f,pay_gsv9yrhtoozga8,card,INR,0,587714,601919,12038,2167,setl_g8jq4i4igs8eyr,2025-05-14T05:30:00Z,125164094409,processed,3088579,37579,6765,2025-05-14T05:30:00Z
pay_hromsqcr0eakip,payment,"  order_jyrr9tc6sxeft9  ",pay_hromsqcr0eakip,upi,INR,0,30700,30700,0,0,setl_g8jq4i4igs8eyr,2025-05-14T05:30:00Z,125164094409,processed,3088579,37579,6765,2025-05-14T05:30:00Z
pay_k23w1an58sdmu1,payment,ORDER_DKGVUSJ50PYTPF,pay_k23w1an58sdmu1,upi,INR,0,52053,52300,209,38,setl_g8jq4i4igs8eyr,2025-05-14T05:30:00Z,125164094409,processed,3088579,37579,6765,2025-05-14T05:30:00Z
pay_pv0tvvpcqirp9e,payment,order_68oaioyn543yrk,pay_pv0tvvpcqirp9e,upi,INR,0,55600,55600,0,0,setl_g8jq4i4igs8eyr,2025-05-14T05:30:00Z,125164094409,processed,3088579,37579,6765,2025-05-14T05:30:00Z
pay_re3idekkuziimj,payment,order_pe9liubyfejzx9,pay_re3idekkuziimj,upi,INR,0,224500,224500,0,0,setl_g8jq4i4igs8eyr,2025-05-14T05:30:00Z," 125164094409 ",processed,3088579,37579,6765,2025-05-14T05:30:00Z
pay_srvd2y7ecbmii9,payment,order_bjzj4w65mdwirk,pay_srvd2y7ecbmii9,upi,INR,0,109900,109900,0,0,setl_g8jq4i4igs8eyr,2025-05-14T05:30:00Z,125164094409,processed,3088579,37579,6765,2025-05-14T05:30:00Z
pay_taji4x0tzedqjw,payment,order_8vbjiusw40vde2,pay_taji4x0tzedqjw,upi,INR,0,134900,134900,0,0,setl_g8jq4i4igs8eyr,2025-05-14T05:30:00Z,125164094409,processed,3088579,37579,6765,2025-05-14T05:30:00Z
pay_5xjvlkqr48bko3,payment,order_gppef8srza1m4y,pay_5xjvlkqr48bko3,netbanking,INR,0,37682,38500,693,125,setl_zybdw6zwhf7144,2025-05-15T05:30:00Z,298423060059,processed,945189,9815,1767,2025-05-15T05:30:00Z
pay_63qtghcjdmetfj,payment,order_f4xk8ustssg5n0,pay_63qtghcjdmetfj,upi,INR,0,95200,95200,0,0,setl_zybdw6zwhf7144,2025-05-15T05:30:00Z,298423060059,processed,945189,9815,1767,2025-05-15T05:30:00Z
pay_79aim98ks2l25m,payment,order_f0x928lc86oxbx," PAY_79AIM98KS2L25M",upi,INR,0,39700,39700,0,0,setl_zybdw6zwhf7144,2025-05-15T05:30:00Z,298423060059,processed,945189,9815,1767,2025-05-15T05:30:00Z
pay_90mlm41atc8cme,payment,order_oh2umjhpvk8eqx,pay_90mlm41atc8cme,netbanking,INR,0,54225,55401,997,179,setl_zybdw6zwhf7144,2025-05-15T05:30:00Z,298423060059,processed,945189,9815,1767,2025-05-15T05:30:00Z
pay_ble3hp1tam0ltl,payment,order_oipcjgc2x42hce,pay_ble3hp1tam0ltl,wallet,INR,0,91268,93700,2061,371,setl_zybdw6zwhf7144,2025-05-15T05:30:00Z,298423060059,processed,945189,9815,1767,2025-05-15T05:30:00Z
pay_c8mpb1jaufygjl,payment,order_68z3y673m4t4xt,pay_c8mpb1jaufygjl,wallet,INR,0,169108,173616,3820,688,"  SETL_ZYBDW6ZWHF7144 ",2025-05-15T05:30:00Z,298423060059,processed,945189,9815,1767,2025-05-15T05:30:00Z
"PAY_g9bwyy6rkhctib ",payment,order_94t604cjxtyq4q,pay_g9bwyy6rkhctib,upi,INR,0,9900,9900,0,0,setl_zybdw6zwhf7144,2025-05-15T05:30:00Z,"  298423060059 ",processed,945189,9815,1767,2025-05-15T05:30:00Z
pay_i6wm51z13gbquk,payment,order_nm21twpg4qnwco,pay_i6wm51z13gbquk,card,INR,0,27242,27900,558,100,setl_zybdw6zwhf7144,2025-05-15T05:30:00Z,298423060059,processed,945189,9815,1767,2025-05-15T05:30:00Z
pay_kq2991tis0497s,payment,order_n8t0sktvqox62v,pay_kq2991tis0497s,upi,INR,0,99900,99900,0,0,setl_zybdw6zwhf7144,2025-05-15T05:30:00Z,298423060059,processed,945189,9815,1767,2025-05-15T05:30:00Z
pay_lar2pmkntzc1vb,payment,order_b3bqjkmfn7dac8,pay_lar2pmkntzc1vb,card,INR,0,29292,30000,600,108,setl_zybdw6zwhf7144,2025-05-15T05:30:00Z,298423060059,processed,945189,9815,1767,2025-05-15T05:30:00Z
pay_pqzx80kk62g6tz,payment,order_d9cqnsuos7cspe,pay_pqzx80kk62g6tz,upi,INR,0,29334,29334,0,0,setl_zybdw6zwhf7144,2025-05-15T05:30:00Z,298423060059,processed,945189,9815,1767,2025-05-15T05:30:00Z
pay_qf45tw26lfrmzs,payment,order_iidcgq2bzbw2kf,pay_qf45tw26lfrmzs,card,INR,0,42571,43600,872,157,setl_zybdw6zwhf7144,2025-05-15T05:30:00Z,298423060059,processed,945189,9815,1767,2025-05-15T05:30:00Z
pay_rjjvp3v5ci3zzh,payment,order_teeikgn1gnkl9d,pay_rjjvp3v5ci3zzh,card,INR,0,10447,10700,214,39,setl_zybdw6zwhf7144,2025-05-15T05:30:00Z,298423060059,processed,945189,9815,1767,2025-05-15T05:30:00Z
pay_vgx3av4u3gnjbb,payment,order_tlfef5ggdc1ovl,pay_vgx3av4u3gnjbb,upi,INR,0,16317,16317,0,0,setl_zybdw6zwhf7144,2025-05-15T05:30:00Z,298423060059,processed,945189,9815,1767,2025-05-15T05:30:00Z
pay_yt0ayqhqazfo7g,payment,order_o8derneercuhbs,pay_yt0ayqhqazfo7g,upi,INR,0,116400,116400,0,0,setl_zybdw6zwhf7144,2025-05-15T05:30:00Z,298423060059,processed,945189,9815,1767,2025-05-15T05:30:00Z
pay_ywxnl753yc3m3n,payment,order_ij691ocofbr9k2,pay_ywxnl753yc3m3n,upi,INR,0,76603,76603,0,0,setl_zybdw6zwhf7144,2025-05-15T05:30:00Z,"  298423060059  ",processed,945189,9815,1767,2025-05-15T05:30:00Z
pay_1lxrsxlgvywyoa,payment,order_7ga0e4zidhnz58,pay_1lxrsxlgvywyoa,card,INR,0,63075,64600,1292,233,setl_ftiuxiuet8jyzo,2025-05-16T05:30:00Z,854852179048,processed,4185799,45243,8146,2025-05-16T05:30:00Z
pay_3p40n89g9tajbu,payment,order_0jn0o9qt7tlffn,pay_3p40n89g9tajbu,wallet,INR,0,49163,50473,1110,200,setl_ftiuxiuet8jyzo,2025-05-16T05:30:00Z,854852179048,processed,4185799,45243,8146,2025-05-16T05:30:00Z
pay_6vhwzew5ads6oi,payment,order_owvucnzkj1wbph,pay_6vhwzew5ads6oi,upi,INR,0,24500,24500,0,0,setl_ftiuxiuet8jyzo,2025-05-16T05:30:00Z,854852179048,processed,4185799,45243,8146,2025-05-16T05:30:00Z
pay_6yy5d6591hmvrm,payment,order_8mrpcoyhsjrhbs,pay_6yy5d6591hmvrm,upi,INR,0,84269,84269,0,0,setl_ftiuxiuet8jyzo,2025-05-16T05:30:00Z,854852179048,processed,4185799,45243,8146,2025-05-16T05:30:00Z
pay_7p7edamrw6cz7k,payment,order_ixhk04shkkcxyy,pay_7p7edamrw6cz7k,netbanking,INR,0,2059213,2103900,37870,6817,setl_ftiuxiuet8jyzo,2025-05-16T05:30:00Z," 854852179048 ",processed,4185799,45243,8146,2025-05-16T05:30:00Z
pay_84pdck7m6jh6fd,payment,order_vrford4av2wzo9,pay_84pdck7m6jh6fd,upi,INR,0,155300,155300,0,0,setl_ftiuxiuet8jyzo,2025-05-16T05:30:00Z,854852179048,processed,4185799,45243,8146,2025-05-16T05:30:00Z
pay_8mupva7d4y3759,payment,"  order_atd7f6epuod0zh  ",pay_8mupva7d4y3759,upi,INR,0,71389,71389,0,0,setl_ftiuxiuet8jyzo,2025-05-16T05:30:00Z,854852179048,processed,4185799,45243,8146,2025-05-16T05:30:00Z
pay_8topdi43ii7zh0,payment,order_8vqwzzqal8v3wr,pay_8topdi43ii7zh0,upi,INR,0,49900,49900,0,0,setl_ftiuxiuet8jyzo,2025-05-16T05:30:00Z,854852179048,processed,4185799,45243,8146,2025-05-16T05:30:00Z
pay_9fnkphyrbi95y6,payment," ORDEr_llj0htaptq1ro2  ",pay_9fnkphyrbi95y6,netbanking,INR,0,60650,61966,1115,201,setl_ftiuxiuet8jyzo,2025-05-16T05:30:00Z,854852179048,processed,4185799,45243,8146,2025-05-16T05:30:00Z
pay_aj7y0leq0oryb2,payment,order_sjjsmv0tab4y5s,pay_aj7y0leq0oryb2,upi,INR,0,9900,9900,0,0,setl_ftiuxiuet8jyzo,2025-05-16T05:30:00Z,854852179048,processed,4185799,45243,8146,2025-05-16T05:30:00Z
pay_e721sjlu0g77bm,payment,order_9eqcg7ptx7o0tp,pay_e721sjlu0g77bm,upi,INR,0,44700,44700,0,0,setl_ftiuxiuet8jyzo,2025-05-16T05:30:00Z,854852179048,processed,4185799,45243,8146,2025-05-16T05:30:00Z
pay_kbsri3zcovgyfu,payment,order_teh5qqj1agaggu,pay_kbsri3zcovgyfu,upi,INR,0,9900,9900,0,0,setl_ftiuxiuet8jyzo,2025-05-16T05:30:00Z,854852179048,processed,4185799,45243,8146,2025-05-16T05:30:00Z
pay_kfejsl427gqv66,payment,order_ijr98raehkdv3r,pay_kfejsl427gqv66,card,INR,0,28759,29454,589,106,setl_ftiuxiuet8jyzo,2025-05-16T05:30:00Z,854852179048,processed,4185799,45243,8146,2025-05-16T05:30:00Z
pay_pgus5pt84fqlmd,payment,"  ORDER_PTXBQDLHH31DFP ",pay_pgus5pt84fqlmd,card,INR,0,97054,99400,1988,358,setl_ftiuxiuet8jyzo,2025-05-16T05:30:00Z,854852179048,processed,4185799,45243,8146,2025-05-16T05:30:00Z
pay_sy193w44vmq5ym,payment,order_6qfw3hot9r440b,pay_sy193w44vmq5ym,upi,INR,0,433600,433600,0,0,setl_ftiuxiuet8jyzo,2025-05-16T05:30:00Z,854852179048,processed,4185799,45243,8146,2025-05-16T05:30:00Z
pay_u21iunqrkvtb0k,payment,order_8lla32oycuu0nr,pay_u21iunqrkvtb0k,upi,INR,0,908545,908545,0,0,setl_ftiuxiuet8jyzo,2025-05-16T05:30:00Z,"  854852179048 ",processed,4185799,45243,8146,2025-05-16T05:30:00Z
pay_ugz8b6tttkx1uq,payment,order_z05jx9dc1zdz4u,pay_ugz8b6tttkx1uq,upi,INR,0,19600,19600,0,0,setl_ftiuxiuet8jyzo,2025-05-16T05:30:00Z,854852179048,processed,4185799,45243,8146,2025-05-16T05:30:00Z
pay_vkv14w84g7u2k0,payment,order_6cui90ytcap9ij,pay_vkv14w84g7u2k0,card,INR,0,9666,9900,198,36," setl_ftiuxiuet8jyzo ",2025-05-16T05:30:00Z,854852179048,processed,4185799,45243,8146,2025-05-16T05:30:00Z
pay_xjjqbg82s89j1y,payment,order_98ipri59sdk9q7,pay_xjjqbg82s89j1y,card,INR,0,52796,54072,1081,195,setl_ftiuxiuet8jyzo,2025-05-16T05:30:00Z,854852179048,processed,4185799,45243,8146,2025-05-16T05:30:00Z
"RFND_MXF1ETXVKVB1E0  ",refund,order_iw9xa27llrdha1,pay_nwesuvv9s2c5rd,,INR,7590,0,7590,0,0,setl_ftiuxiuet8jyzo,2025-05-16T05:30:00Z,854852179048,processed,4185799,45243,8146,2025-05-16T05:30:00Z
rfnd_vhhfjzjqnois37,refund,order_swttdhelgid6ox,pay_45e784hrlrysjy,,INR,38590,0,38590,0,0,setl_ftiuxiuet8jyzo,2025-05-16T05:30:00Z,854852179048,processed,4185799,45243,8146,2025-05-16T05:30:00Z
pay_4xdqcvax8bq682,payment,order_vtjf1cub68hjo8,pay_4xdqcvax8bq682,card,INR,0,91782,94000,1880,338,setl_991x6he4dndeyi,2025-05-17T05:30:00Z,065784438412,on_hold,1978546,32959,5932,2025-05-17T05:30:00Z
pay_84kh96lntotz3m,payment,"  order_4de82uu9ys66c0  ",pay_84kh96lntotz3m,upi,INR,0,57300,57300,0,0,setl_991x6he4dndeyi,2025-05-17T05:30:00Z,"065784438412 ",on_hold,1978546,32959,5932,2025-05-17T05:30:00Z
" PAY_98383FD9BR5Y1L  ",payment,order_zv83ra6csrytv4,pay_98383fd9br5y1l,card,INR,0,11834,12120,242,44,setl_991x6he4dndeyi,2025-05-17T05:30:00Z,065784438412,on_hold,1978546,32959,5932,2025-05-17T05:30:00Z
pay_f28t3cd7j4o2f6,payment,order_r98tmiybd95p9j,pay_f28t3cd7j4o2f6,upi,INR,0,142984,142984,0,0,setl_991x6he4dndeyi,2025-05-17T05:30:00Z,065784438412,on_hold,1978546,32959,5932,2025-05-17T05:30:00Z
pay_hw3wtpbq51gcsy,payment,order_l8xcwwasa4fb9o,pay_hw3wtpbq51gcsy,upi,INR,0,24200,24200,0,0,setl_991x6he4dndeyi,2025-05-17T05:30:00Z,065784438412,on_hold,1978546,32959,5932,2025-05-17T05:30:00Z
pay_inaljwvbs2zk2m,payment,order_ig88rl3cz6r1m0,pay_inaljwvbs2zk2m,card,INR,0,120488,123400,2468,444,setl_991x6he4dndeyi,2025-05-17T05:30:00Z,065784438412,on_hold,1978546,32959,5932,2025-05-17T05:30:00Z
pay_mxb6zni8eilcyi,payment,order_xbymudsi6ue0lp,pay_mxb6zni8eilcyi,card,INR,0,1374336,1407554,28151,5067,setl_991x6he4dndeyi,2025-05-17T05:30:00Z,065784438412,on_hold,1978546,32959,5932,2025-05-17T05:30:00Z
pay_w6qq3v7eecs0n8,payment,order_jpvu3a5lcj1j3i,pay_w6qq3v7eecs0n8,upi,INR,0,145979,145979,0,0,setl_991x6he4dndeyi,2025-05-17T05:30:00Z,065784438412,on_hold,1978546,32959,5932,2025-05-17T05:30:00Z
pay_zwpak3iy0xf6s3,payment,order_b73ictyr2c3pe7," PAY_zwpak3iy0xf6s3 ",wallet,INR,0,9643,9900,218,39,setl_991x6he4dndeyi,2025-05-17T05:30:00Z,065784438412,on_hold,1978546,32959,5932,2025-05-17T05:30:00Z
pay_1h7v7wf5tvnosc,payment,order_kwf6j8s32kncoe,pay_1h7v7wf5tvnosc,upi,INR,0,10967,10967,0,0,setl_lmbeocgq5gqsto,2025-05-18T05:30:00Z," 686560634089  ",processed,1490230,16008,2882,2025-05-18T05:30:00Z
" pay_2lhuvsy9h868c6  ",payment,order_vym8gx8825v08f,pay_2lhuvsy9h868c6,upi,INR,0,14300,14300,0,0,setl_lmbeocgq5gqsto,2025-05-18T05:30:00Z,686560634089,processed,1490230,16008,2882,2025-05-18T05:30:00Z
pay_7nokf9avjjosf4,payment,order_kh6efi53rz0dod,pay_7nokf9avjjosf4,upi,INR,0,135469,135469,0,0,setl_lmbeocgq5gqsto,2025-05-18T05:30:00Z,686560634089,processed,1490230,16008,2882,2025-05-18T05:30:00Z
pay_9ojqllhswo9m8b,payment,order_1g5gy8ishrstez,pay_9ojqllhswo9m8b,wallet,INR,0,12078,12400,273,49,setl_lmbeocgq5gqsto,2025-05-18T05:30:00Z,686560634089,processed,1490230,16008,2882,2025-05-18T05:30:00Z
pay_axwlzt329ta98e,payment,order_n52wq95t937byj,"PAY_axwlzt329ta98e ",upi,INR,0,9900,9900,0,0,setl_lmbeocgq5gqsto,2025-05-18T05:30:00Z,686560634089,processed,1490230,16008,2882,2025-05-18T05:30:00Z
pay_buz2lpq8tmknax,payment,order_aun5mmycua96s4,pay_buz2lpq8tmknax,upi,INR,0,248461,248461,0,0,setl_lmbeocgq5gqsto,2025-05-18T05:30:00Z,686560634089,processed,1490230,16008,2882,2025-05-18T05:30:00Z
pay_drh1tv7w0kfba1,payment,order_pk44vc7mvlr204,pay_drh1tv7w0kfba1,upi,INR,0,74200,74200,0,0,setl_lmbeocgq5gqsto,2025-05-18T05:30:00Z,"686560634089 ",processed,1490230,16008,2882,2025-05-18T05:30:00Z
pay_e8c28ln1qsv3a1,payment,order_qj1k5l2c04pvci,pay_e8c28ln1qsv3a1,card,INR,0,51438,52682,1054,190,setl_lmbeocgq5gqsto,2025-05-18T05:30:00Z,686560634089,processed,1490230,16008,2882,2025-05-18T05:30:00Z
pay_fwvmlfd0lcri0j,payment,order_dtdggqn0itj6m9,pay_fwvmlfd0lcri0j,netbanking,INR,0,16933,17300,311,56,setl_lmbeocgq5gqsto,2025-05-18T05:30:00Z,686560634089,processed,1490230,16008,2882,2025-05-18T05:30:00Z
pay_j36bshlza5ttqi,payment,order_j48kowf7pw6cew,"PAY_J36BSHLZA5TTQI ",upi,INR,0,24900,24900,0,0,setl_lmbeocgq5gqsto,2025-05-18T05:30:00Z,686560634089,processed,1490230,16008,2882,2025-05-18T05:30:00Z
pay_lgwb5usmxt5zwr,payment,order_lcy8ai1f73ni9n,pay_lgwb5usmxt5zwr,wallet,INR,0,24059,24700,543,98,setl_lmbeocgq5gqsto,2025-05-18T05:30:00Z,686560634089,processed,1490230,16008,2882,2025-05-18T05:30:00Z
pay_ms1pe72725e49b,payment,order_7y98r5nh0pnfqd,pay_ms1pe72725e49b,upi,INR,0,44169,44169,0,0,setl_lmbeocgq5gqsto,2025-05-18T05:30:00Z,686560634089,processed,1490230,16008,2882,2025-05-18T05:30:00Z
pay_o1cf7jt0bbh17v,payment," ORDER_YGUP9QD1ZTRA2N ",pay_o1cf7jt0bbh17v,card,INR,0,665390,681472,13629,2453,setl_lmbeocgq5gqsto,2025-05-18T05:30:00Z,686560634089,processed,1490230,16008,2882,2025-05-18T05:30:00Z
" pay_pzy91teb0py3w5 ",payment,order_8a5ucuznybtahv,pay_pzy91teb0py3w5,card,INR,0,9666,9900,198,36,setl_lmbeocgq5gqsto,2025-05-18T05:30:00Z," 686560634089  ",processed,1490230,16008,2882,2025-05-18T05:30:00Z
pay_q2qkzesk8q39tt,payment,order_rker54237pnzfy,pay_q2qkzesk8q39tt,upi,INR,0,30000,30000,0,0,setl_lmbeocgq5gqsto,2025-05-18T05:30:00Z,686560634089,processed,1490230,16008,2882,2025-05-18T05:30:00Z
pay_v4fbu7lzxlp5mj,payment,order_55ysd4vbbyqaxv,pay_v4fbu7lzxlp5mj,upi,INR,0,118300,118300,0,0,setl_lmbeocgq5gqsto,2025-05-18T05:30:00Z,686560634089,processed,1490230,16008,2882,2025-05-18T05:30:00Z
pay_05ghmds0a644oh,payment,order_qfx74zb7uhwfpz,pay_05ghmds0a644oh,upi,INR,0,22700,22700,0,0,setl_1lavyk7eg9la4s,2025-05-19T05:30:00Z,388699184071,processed,6726026,35490,6390,2025-05-19T05:30:00Z
pay_0l5gti9xjkfnuy,payment,order_knh5qqxi1kmeh5,pay_0l5gti9xjkfnuy,upi,INR,0,145026,145026,0,0,setl_1lavyk7eg9la4s,2025-05-19T05:30:00Z,388699184071,processed,6726026,35490,6390,2025-05-19T05:30:00Z
pay_1myqr8d3fbam0s,payment,order_axevg87qkojmnw,pay_1myqr8d3fbam0s,netbanking,INR,0,48546,49600,893,161,setl_1lavyk7eg9la4s,2025-05-19T05:30:00Z,388699184071,processed,6726026,35490,6390,2025-05-19T05:30:00Z
pay_2j28rrrccj4wwx,payment,order_az1vt4m08ru55d,pay_2j28rrrccj4wwx,upi,INR,0,4356600,4356600,0,0,setl_1lavyk7eg9la4s,2025-05-19T05:30:00Z,388699184071,processed,6726026,35490,6390,2025-05-19T05:30:00Z
pay_47oz28uju44eha,payment,order_pgwgpsp0521dlx,pay_47oz28uju44eha,card,INR,0,9666,9900,198,36,setl_1lavyk7eg9la4s,2025-05-19T05:30:00Z,388699184071,processed,6726026,35490,6390,2025-05-19T05:30:00Z
pay_4dj9k4q7y4t7na,payment,order_hr7076sbcewmfe,pay_4dj9k4q7y4t7na,card,INR,0,516697,529186,10584,1905,"  SETL_1lavyk7eg9la4s  ",2025-05-19T05:30:00Z,388699184071,processed,6726026,35490,6390,2025-05-19T05:30:00Z
pay_fgo1a4vmbjokgk,payment,order_r4l53a0e63yy3d,pay_fgo1a4vmbjokgk,upi,INR,0,61800,61800,0,0,setl_1lavyk7eg9la4s,2025-05-19T05:30:00Z,388699184071,processed,6726026,35490,6390,2025-05-19T05:30:00Z
pay_iz35nyd6nbcnx6,payment,order_k94yerxc9b7090,pay_iz35nyd6nbcnx6,netbanking,INR,0,705838,721156,12981,2337,setl_1lavyk7eg9la4s,2025-05-19T05:30:00Z,388699184071,processed,6726026,35490,6390,2025-05-19T05:30:00Z
pay_joxapm78d7eiwk,payment,order_56qqy8mf1pd6cg,pay_joxapm78d7eiwk,upi,INR,0,41900,41900,0,0,setl_1lavyk7eg9la4s,2025-05-19T05:30:00Z,388699184071,processed,6726026,35490,6390,2025-05-19T05:30:00Z
pay_k8onmoaew6zztg,payment,order_d71e0kqc7egtty,pay_k8onmoaew6zztg,upi,INR,0,195900,195900,0,0,"setl_1lavyk7eg9la4s ",2025-05-19T05:30:00Z,388699184071,processed,6726026,35490,6390,2025-05-19T05:30:00Z
pay_oba4gavcelec8y,payment,order_ooa992p4fw7xhx,"pay_oba4gavcelec8y  ",upi,INR,0,42300,42300,0,0,setl_1lavyk7eg9la4s,2025-05-19T05:30:00Z,388699184071,processed,6726026,35490,6390,2025-05-19T05:30:00Z
pay_tm66c02xwv4pap,payment,order_gljgzld3dqv91q,pay_tm66c02xwv4pap,card,INR,0,215491,220700,4414,795,setl_1lavyk7eg9la4s,2025-05-19T05:30:00Z,"388699184071  ",processed,6726026,35490,6390,2025-05-19T05:30:00Z
pay_tytt891lwy5n5l,payment,order_k3th78js47yu3l,pay_tytt891lwy5n5l,upi,INR,0,50138,50138,0,0,setl_1lavyk7eg9la4s,2025-05-19T05:30:00Z,388699184071,processed,6726026,35490,6390,2025-05-19T05:30:00Z
pay_xqsqaclugfzkmc,payment,order_bliq409yd3l7oj,pay_xqsqaclugfzkmc,card,INR,0,313424,321000,6420,1156,setl_1lavyk7eg9la4s,2025-05-19T05:30:00Z,388699184071,processed,6726026,35490,6390,2025-05-19T05:30:00Z
pay_7gulr2hg1q2rvw,payment,order_oo8ulmlml3j3jv,pay_7gulr2hg1q2rvw,upi,INR,0,26100,26100,0,0,"  setl_5k77ta7ivloujs  ",2025-05-20T05:30:00Z,839201103045,on_hold,2088286,4790,862,2025-05-20T05:30:00Z
pay_8rv2g9uomx1mpu,payment,order_ag3l1f7xthj92e,pay_8rv2g9uomx1mpu,netbanking,INR,0,30146,30800,554,100,setl_5k77ta7ivloujs,2025-05-20T05:30:00Z,839201103045,on_hold,2088286,4790,862,2025-05-20T05:30:00Z
pay_a5gxh9ij2qreuq,payment,order_y956cdtvqhupg5,pay_a5gxh9ij2qreuq,upi,INR,0,9900,9900,0,0,setl_5k77ta7ivloujs,2025-05-20T05:30:00Z,839201103045,on_hold,2088286,4790,862,2025-05-20T05:30:00Z
pay_djkvxf70iu2vyo,payment,order_570bm8lwxog4kh,pay_djkvxf70iu2vyo,upi,INR,0,381848,381848,0,0,setl_5k77ta7ivloujs,2025-05-20T05:30:00Z,839201103045,on_hold,2088286,4790,862,2025-05-20T05:30:00Z
pay_ezhkwmmwq3dhm5,payment,order_vxwogaznlaexkb,pay_ezhkwmmwq3dhm5,upi,INR,0,33500,33500,0,0,setl_5k77ta7ivloujs,2025-05-20T05:30:00Z,839201103045,on_hold,2088286,4790,862,2025-05-20T05:30:00Z
pay_gpecu3pq1ewc01,payment,"  ORDER_OF82STAJHDL3ZA  ",pay_gpecu3pq1ewc01,upi,INR,0,17800,17800,0,0,setl_5k77ta7ivloujs,2025-05-20T05:30:00Z,839201103045,on_hold,2088286,4790,862,2025-05-20T05:30:00Z
pay_hba2f8ptm07lld,payment,order_owbdegxsoh4zli,pay_hba2f8ptm07lld,upi,INR,0,15975,15975,0,0,setl_5k77ta7ivloujs,2025-05-20T05:30:00Z,839201103045,on_hold,2088286,4790,862,2025-05-20T05:30:00Z
pay_hn9yi7pxuribyf,payment,"  order_o0sb8kgr2p4mwa ",pay_hn9yi7pxuribyf,upi,INR,0,24700,24700,0,0,"SETL_5k77ta7ivloujs ",2025-05-20T05:30:00Z,839201103045,on_hold,2088286,4790,862,2025-05-20T05:30:00Z
pay_ixvsk3fpsx4zfa,payment,order_ggwfhdljtq050o,pay_ixvsk3fpsx4zfa,upi,INR,0,63000,63000,0,0,setl_5k77ta7ivloujs,2025-05-20T05:30:00Z,839201103045,on_hold,2088286,4790,862,2025-05-20T05:30:00Z
pay_jw5kjrou6aytlw,payment,order_53cw4dbdm7kitq,pay_jw5kjrou6aytlw,upi,INR,0,160117,160117,0,0,setl_5k77ta7ivloujs,2025-05-20T05:30:00Z,839201103045,on_hold,2088286,4790,862,2025-05-20T05:30:00Z
pay_l4hzjxgqmsnvgb,payment,order_lnbdmh355l7mmh,pay_l4hzjxgqmsnvgb,card,INR,0,154174,157900,3158,568,setl_5k77ta7ivloujs,2025-05-20T05:30:00Z,839201103045,on_hold,2088286,4790,862,2025-05-20T05:30:00Z
pay_or2vne4412n1hu,payment,"order_34zhkz5zo9mcar ",pay_or2vne4412n1hu,upi,INR,0,14300,14300,0,0,setl_5k77ta7ivloujs,2025-05-20T05:30:00Z,839201103045,on_hold,2088286,4790,862,2025-05-20T05:30:00Z
pay_r0ul4zv0i4myxq,payment,order_g4pyv960s7clqp,pay_r0ul4zv0i4myxq,wallet,INR,0,9643,9900,218,39,setl_5k77ta7ivloujs,2025-05-20T05:30:00Z,839201103045,on_hold,2088286,4790,862,2025-05-20T05:30:00Z
pay_sok2xfn72e1rjd,payment,order_1c90qdygey8vlc,pay_sok2xfn72e1rjd,upi,INR,0,432313,432313,0,0,setl_5k77ta7ivloujs,2025-05-20T05:30:00Z,839201103045,on_hold,2088286,4790,862,2025-05-20T05:30:00Z
pay_sud8kct893yvum,payment,order_28wcdxe4brsphl,pay_sud8kct893yvum,upi,INR,0,11200,11200,0,0,setl_5k77ta7ivloujs,2025-05-20T05:30:00Z,839201103045,on_hold,2088286,4790,862,2025-05-20T05:30:00Z
pay_tyh1iexvth7s0b,payment,order_02nh2sec1p52r8,pay_tyh1iexvth7s0b,upi,INR,0,44600,44600,0,0,setl_5k77ta7ivloujs,2025-05-20T05:30:00Z,839201103045,on_hold,2088286,4790,862,2025-05-20T05:30:00Z
pay_vnwvlnp8srczma,payment,order_i2qc5ipy2ms1kj,pay_vnwvlnp8srczma,upi,INR,0,622066,622066,0,0,setl_5k77ta7ivloujs,2025-05-20T05:30:00Z,839201103045,on_hold,2088286,4790,862,2025-05-20T05:30:00Z
pay_w8fbnhh4b9ec9b,payment,order_u31bhpxswzziba,pay_w8fbnhh4b9ec9b,card,INR,0,20504,21000,420,76,setl_5k77ta7ivloujs,2025-05-20T05:30:00Z,839201103045,on_hold,2088286,4790,862,2025-05-20T05:30:00Z
pay_z8kw8zg5ia56hx,payment,order_eliev5xz159u01,pay_z8kw8zg5ia56hx,wallet,INR,0,19469,19988,440,79,setl_5k77ta7ivloujs,2025-05-20T05:30:00Z,839201103045,on_hold,2088286,4790,862,2025-05-20T05:30:00Z
"RFND_zum1wc7ejkc6go ",refund,order_ep1j7jdbrn1w9u,pay_a0ok950rdghc8y,,INR,3069,0,3069,0,0,"  setl_5k77ta7ivloujs  ",2025-05-20T05:30:00Z,839201103045,on_hold,2088286,4790,862,2025-05-20T05:30:00Z
pay_0300aysepx04o4,payment,order_rprfl1zslky9su," pay_0300aysepx04o4  ",upi,INR,0,572500,572500,0,0,setl_xudm54h74ksosx,2025-05-21T05:30:00Z,145434440445,processed,7608695,54858,9875,2025-05-21T05:30:00Z
pay_304k4crd8cfovr,payment,order_or0djb3dcmylfh,pay_304k4crd8cfovr,upi,INR,0,9900,9900,0,0,setl_xudm54h74ksosx,2025-05-21T05:30:00Z,145434440445,processed,7608695,54858,9875,2025-05-21T05:30:00Z
pay_5gsbouky86py8l,payment,order_m5y36k1q8b68yh,pay_5gsbouky86py8l,netbanking,INR,0,45904,46900,844,152,setl_xudm54h74ksosx,2025-05-21T05:30:00Z,145434440445,processed,7608695,54858,9875,2025-05-21T05:30:00Z
pay_64zcmn5qwxty8k,payment,order_qvr1n6vwicsmp3,pay_64zcmn5qwxty8k,upi,INR,0,35700,35700,0,0,setl_xudm54h74ksosx,2025-05-21T05:30:00Z,145434440445,processed,7608695,54858,9875,2025-05-21T05:30:00Z
pay_974zzgeyr7xj7g,payment,order_f3modwc3zxyr8o," PAY_974zzgeyr7xj7g ",upi,INR,0,139400,139400,0,0,setl_xudm54h74ksosx,2025-05-21T05:30:00Z,145434440445,processed,7608695,54858,9875,2025-05-21T05:30:00Z
"PAY_A25G0P48U5LT9X  ",payment,order_yn6nvbr0f3uifi,pay_a25g0p48u5lt9x,wallet,INR,0,151366,155400,3419,615,"  SETL_XUDM54H74KSOSX ",2025-05-21T05:30:00Z,145434440445,processed,7608695,54858,9875,2025-05-21T05:30:00Z
pay_bvbjcg2tag4r3l,payment,order_sjw5ri50lhsyva,pay_bvbjcg2tag4r3l,upi,INR,0,203000,203000,0,0,setl_xudm54h74ksosx,2025-05-21T05:30:00Z,145434440445,processed,7608695,54858,9875,2025-05-21T05:30:00Z
pay_cp6i0qzhs3i3ap,payment,order_tfhf7ay2b80odq,pay_cp6i0qzhs3i3ap,upi,INR,0,3449236,3449236,0,0,setl_xudm54h74ksosx,2025-05-21T05:30:00Z,145434440445,processed,7608695,54858,9875,2025-05-21T05:30:00Z
pay_eb8q5ulyfhahp1,payment,order_7gqhjbe70318ck,pay_eb8q5ulyfhahp1,netbanking,INR,0,379661,387900,6982,1257,setl_xudm54h74ksosx,2025-05-21T05:30:00Z,145434440445,processed,7608695,54858,9875,2025-05-21T05:30:00Z
pay_fq82t60hggqpr3,payment,order_1dnsw86n3yr9rv,pay_fq82t60hggqpr3,upi,INR,0,10300,10300,0,0,"  SETL_XUDM54H74KSOSX ",2025-05-21T05:30:00Z,145434440445,processed,7608695,54858,9875,2025-05-21T05:30:00Z
pay_j1bx78uhwitaio,payment,"ORDEr_upffqdvuayle7e ",pay_j1bx78uhwitaio,upi,INR,0,221842,221842,0,0,setl_xudm54h74ksosx,2025-05-21T05:30:00Z,145434440445,processed,7608695,54858,9875,2025-05-21T05:30:00Z
pay_ml28e1rtvvfj3u,payment,order_hxs7pj27eip2rt,pay_ml28e1rtvvfj3u,upi,INR,0,20100,20100,0,0,setl_xudm54h74ksosx,2025-05-21T05:30:00Z,145434440445,processed,7608695,54858,9875,2025-05-21T05:30:00Z
pay_rjwwj62wws6o83,payment,order_ign8rz43j3njc0,pay_rjwwj62wws6o83,card,INR,0,1024654,1049420,20988,3778,setl_xudm54h74ksosx,2025-05-21T05:30:00Z,145434440445,processed,7608695,54858,9875,2025-05-21T05:30:00Z
pay_s1jdqjfdo0jq9j,payment,order_ppyn96hi2kmm8z,pay_s1jdqjfdo0jq9j,upi,INR,0,62230,62230,0,0,setl_xudm54h74ksosx,2025-05-21T05:30:00Z,145434440445,processed,7608695,54858,9875,2025-05-21T05:30:00Z
pay_u3av7tlpbd94cl,payment,order_onohwtn2rdf22w," pay_u3av7tlpbd94cl ",upi,INR,0,89200,89200,0,0,setl_xudm54h74ksosx,2025-05-21T05:30:00Z,145434440445,processed,7608695,54858,9875,2025-05-21T05:30:00Z
pay_ym6s7ifl9s9axv,payment,order_vovhez0k77pvmx,pay_ym6s7ifl9s9axv,wallet,INR,0,160034,164300,3615,651,setl_xudm54h74ksosx,2025-05-21T05:30:00Z,145434440445,processed,7608695,54858,9875,2025-05-21T05:30:00Z
pay_z0a3bj3pue5gw6,payment,order_4r5f5b15giip2o,pay_z0a3bj3pue5gw6,netbanking,INR,0,851129,869600,15653,2818,setl_xudm54h74ksosx,2025-05-21T05:30:00Z,145434440445,processed,7608695,54858,9875,2025-05-21T05:30:00Z
pay_z60cxqlx5p6bru,payment,order_p00td351bqnpde,pay_z60cxqlx5p6bru,netbanking,INR,0,182539,186500,3357,604," SETL_XUDM54H74KSOSX  ",2025-05-21T05:30:00Z,145434440445,processed,7608695,54858,9875,2025-05-21T05:30:00Z
adj_qfhtq64qmw5wct,adjustment,,,,,648900,0,648900,0,0,setl_iltaxvzwnxp6g9,2025-05-22T05:30:00Z,610399985117,processed,1098897,17370,3127,2025-05-22T05:30:00Z
"  pay_absc0wao3mh0xb  ",payment,order_ovg9gyzutw61ac,pay_absc0wao3mh0xb,upi,INR,0,29400,29400,0,0,setl_iltaxvzwnxp6g9,2025-05-22T05:30:00Z,610399985117,processed,1098897,17370,3127,2025-05-22T05:30:00Z
PAY_FGU7XPNUPFXJK5,payment,order_6luexriy49trbb,pay_fgu7xpnupfxjk5,card,INR,0,123124,126100,2522,454,setl_iltaxvzwnxp6g9,2025-05-22T05:30:00Z,610399985117,processed,1098897,17370,3127,2025-05-22T05:30:00Z
"PAY_FIBH7JBCOJ5LJD ",payment,order_qrnnrdnnbv0u9q,pay_fibh7jbcoj5ljd,upi,INR,0,9900,9900,0,0,setl_iltaxvzwnxp6g9,2025-05-22T05:30:00Z,610399985117,processed,1098897,17370,3127,2025-05-22T05:30:00Z
pay_gw2yimafg0r5qs,payment,order_c3wcrz8lp8bxxb,pay_gw2yimafg0r5qs,card,INR,0,84906,86958,1739,313,setl_iltaxvzwnxp6g9,2025-05-22T05:30:00Z,610399985117,processed,1098897,17370,3127,2025-05-22T05:30:00Z
pay_k1sygzsvakr7b1,payment,order_rt2a5sskf2jo3c,pay_k1sygzsvakr7b1,upi,INR,0,279600,279600,0,0,setl_iltaxvzwnxp6g9,2025-05-22T05:30:00Z,610399985117,processed,1098897,17370,3127,2025-05-22T05:30:00Z
pay_lg4l01bqr9axnm,payment,order_xusexdlq1iany5,pay_lg4l01bqr9axnm,upi,INR,0,94100,94100,0,0,setl_iltaxvzwnxp6g9,2025-05-22T05:30:00Z,610399985117,processed,1098897,17370,3127,2025-05-22T05:30:00Z
pay_lgzsg5xzrb8m43,payment,order_xy4sramt3agzgo,pay_lgzsg5xzrb8m43,netbanking,INR,0,134384,137300,2471,445,setl_iltaxvzwnxp6g9,2025-05-22T05:30:00Z,610399985117,processed,1098897,17370,3127,2025-05-22T05:30:00Z
pay_ll2tiulvdxzvwu,payment,order_dtj7z8s56zqk2a,pay_ll2tiulvdxzvwu,netbanking,INR,0,55084,56279,1013,182,setl_iltaxvzwnxp6g9,2025-05-22T05:30:00Z,610399985117,processed,1098897,17370,3127,2025-05-22T05:30:00Z
pay_p3dlmtz6fqwrd4,payment,order_792rlx4e9xl0nw,pay_p3dlmtz6fqwrd4,netbanking,INR,0,70588,72120,1298,234,setl_iltaxvzwnxp6g9,2025-05-22T05:30:00Z,610399985117,processed,1098897,17370,3127,2025-05-22T05:30:00Z
pay_q1n11tk3l9ekdx,payment,order_dsnpm07e5kditk,pay_q1n11tk3l9ekdx,upi,INR,0,16800,16800,0,0,setl_iltaxvzwnxp6g9,2025-05-22T05:30:00Z," 610399985117",processed,1098897,17370,3127,2025-05-22T05:30:00Z
pay_rti3bztsykli56,payment,order_ra5qb9wnrquw5h,pay_rti3bztsykli56,card,INR,0,261416,267735,5355,964,setl_iltaxvzwnxp6g9,2025-05-22T05:30:00Z,610399985117,processed,1098897,17370,3127,2025-05-22T05:30:00Z
pay_tmmchtsd0b4osm,payment,order_a5y0750km1tw53,pay_tmmchtsd0b4osm,upi,INR,0,430600,430600,0,0,setl_iltaxvzwnxp6g9,2025-05-22T05:30:00Z,610399985117,processed,1098897,17370,3127,2025-05-22T05:30:00Z
pay_vkcmoazt1wyry2,payment,order_yjx28fvzh019jm,pay_vkcmoazt1wyry2,card,INR,0,145095,148602,2972,535,setl_iltaxvzwnxp6g9,2025-05-22T05:30:00Z,610399985117,processed,1098897,17370,3127,2025-05-22T05:30:00Z
pay_w17uazbq4k6ef6,payment,order_dtrvbk6j1x00zg,pay_w17uazbq4k6ef6,upi,INR,0,12800,12800,0,0,setl_iltaxvzwnxp6g9,2025-05-22T05:30:00Z,610399985117,processed,1098897,17370,3127,2025-05-22T05:30:00Z
pay_1n02ffcl2742pa,payment,order_8hf8zbvh5rzeoa,pay_1n02ffcl2742pa,upi,INR,0,48800,48800,0,0,setl_ocr77lsfmxxypj,2025-05-23T05:30:00Z,386139761654,processed,1699625,4189,754,2025-05-23T05:30:00Z
pay_3db019vfi2mzen,payment,order_gzscl52hv8nqsu,pay_3db019vfi2mzen,card,INR,0,39203,40151,803,145,setl_ocr77lsfmxxypj,2025-05-23T05:30:00Z,386139761654,processed,1699625,4189,754,2025-05-23T05:30:00Z
pay_8gs6q9pe8wbtw3,payment,"  ORDER_9Q4FTWHV2U2XJV  ",pay_8gs6q9pe8wbtw3,netbanking,INR,0,14779,15100,272,49,setl_ocr77lsfmxxypj,2025-05-23T05:30:00Z,386139761654,processed,1699625,4189,754,2025-05-23T05:30:00Z
pay_8hv4sv1dgtwhrn,payment,order_2ahkeiy96ttbjz,pay_8hv4sv1dgtwhrn,upi,INR,0,17851,17851,0,0,setl_ocr77lsfmxxypj,2025-05-23T05:30:00Z,386139761654,processed,1699625,4189,754,2025-05-23T05:30:00Z
pay_8o957ikp8w5xri,payment,order_jr014xixtqzznl,pay_8o957ikp8w5xri,upi,INR,0,66525,66525,0,0,setl_ocr77lsfmxxypj,2025-05-23T05:30:00Z,386139761654,processed,1699625,4189,754,2025-05-23T05:30:00Z
pay_9o4fc4a7vlcy68,payment,order_4obgvyq7g95ho3,pay_9o4fc4a7vlcy68,upi,INR,0,810600,810600,0,0,setl_ocr77lsfmxxypj,2025-05-23T05:30:00Z,386139761654,processed,1699625,4189,754,2025-05-23T05:30:00Z
pay_bd8em427texx6t,payment,order_l23il5h97i91ik,pay_bd8em427texx6t,upi,INR,0,125500,125500,0,0,setl_ocr77lsfmxxypj,2025-05-23T05:30:00Z,386139761654,processed,1699625,4189,754,2025-05-23T05:30:00Z
"  PAY_E3QR1KCJJUJY8T  ",payment,order_ym15au7oxbianl,pay_e3qr1kcjjujy8t,upi,INR,0,21700,21700,0,0,setl_ocr77lsfmxxypj,2025-05-23T05:30:00Z,386139761654,processed,1699625,4189,754,2025-05-23T05:30:00Z
pay_ftxq2c4u29r6e9,payment,"ORDEr_hj02hwylj9833t  ",pay_ftxq2c4u29r6e9,upi,INR,0,40841,40841,0,0,setl_ocr77lsfmxxypj,2025-05-23T05:30:00Z,386139761654,processed,1699625,4189,754,2025-05-23T05:30:00Z
pay_km3a0ew64myc9p,payment," order_1vduw8oxoz82vx ",pay_km3a0ew64myc9p,upi,INR,0,35600,35600,0,0,setl_ocr77lsfmxxypj,2025-05-23T05:30:00Z,386139761654,processed,1699625,4189,754,2025-05-23T05:30:00Z
pay_s7fqt6zorsf2nd,payment,order_50kfcgdjjtm8y6,pay_s7fqt6zorsf2nd,card,INR,0,143336,146800,2936,528,setl_ocr77lsfmxxypj,2025-05-23T05:30:00Z,386139761654,processed,1699625,4189,754,2025-05-23T05:30:00Z
pay_sufpqzijsp3bin,payment,order_cdzenqgl47j5b1,pay_sufpqzijsp3bin,upi,INR,0,181000,181000,0,0,setl_ocr77lsfmxxypj,2025-05-23T05:30:00Z,386139761654,processed,1699625,4189,754,2025-05-23T05:30:00Z
pay_to8g1xcrhd0eoh,payment,order_263673s23hjsn3,pay_to8g1xcrhd0eoh,upi,INR,0,134300,134300,0,0,setl_ocr77lsfmxxypj,2025-05-23T05:30:00Z,386139761654,processed,1699625,4189,754,2025-05-23T05:30:00Z
pay_vrgbzzkjmbh9u9,payment,order_mhw5l2oe5na0w5,pay_vrgbzzkjmbh9u9,netbanking,INR,0,9690,9900,178,32,setl_ocr77lsfmxxypj,2025-05-23T05:30:00Z,386139761654,processed,1699625,4189,754,2025-05-23T05:30:00Z
pay_ydvq57nceeuj7z,payment,order_gzy2n4eraxrokv,pay_ydvq57nceeuj7z,upi,INR,0,9900,9900,0,0,setl_ocr77lsfmxxypj,2025-05-23T05:30:00Z," 386139761654",processed,1699625,4189,754,2025-05-23T05:30:00Z
pay_0cen3pqqrg0d7k,payment,order_a40j3h73qc0jxn,pay_0cen3pqqrg0d7k,card,INR,0,266069,272500,5450,981,setl_hopq8hgi818b43,2025-05-24T05:30:00Z,300030675231,processed,1789492,22102,3979,2025-05-24T05:30:00Z
pay_6kfri3lyrczov1,payment,"  ORDEr_ozvjsu8exd4nz1  ",pay_6kfri3lyrczov1,upi,INR,0,24500,24500,0,0,setl_hopq8hgi818b43,2025-05-24T05:30:00Z,300030675231,processed,1789492,22102,3979,2025-05-24T05:30:00Z
pay_8pa8kay4w73wwo,payment,order_cc77q6kcggot5z,pay_8pa8kay4w73wwo,upi,INR,0,87300,87300,0,0,setl_hopq8hgi818b43,2025-05-24T05:30:00Z,300030675231,processed,1789492,22102,3979,2025-05-24T05:30:00Z
pay_cnmmh1rhk8j8gz,payment,order_cjqwbecc02gr4k,pay_cnmmh1rhk8j8gz,upi,INR,0,9900,9900,0,0,setl_hopq8hgi818b43,2025-05-24T05:30:00Z,300030675231,processed,1789492,22102,3979,2025-05-24T05:30:00Z
pay_e5kx8djw9zfvvc,payment,order_hl6idosz6lbbd5,pay_e5kx8djw9zfvvc,netbanking,INR,0,10864,11100,200,36,setl_hopq8hgi818b43,2025-05-24T05:30:00Z,300030675231,processed,1789492,22102,3979,2025-05-24T05:30:00Z
pay_e84gvkffxngrsr,payment,order_q6t2ogyqc1whmy,pay_e84gvkffxngrsr,upi,INR,0,69200,69200,0,0,"  SETL_hopq8hgi818b43  ",2025-05-24T05:30:00Z,300030675231,processed,1789492,22102,3979,2025-05-24T05:30:00Z
pay_elgwz20gnfsvwb,payment,order_masvpu43gvbcwv,pay_elgwz20gnfsvwb,card,INR,0,38275,39200,784,141,setl_hopq8hgi818b43,2025-05-24T05:30:00Z,300030675231,processed,1789492,22102,3979,2025-05-24T05:30:00Z
pay_fohcx6jk7jtepo,payment,order_i4xshvyhknz7yk,pay_fohcx6jk7jtepo,upi,INR,0,21000,21000,0,0,setl_hopq8hgi818b43,2025-05-24T05:30:00Z,300030675231,processed,1789492,22102,3979,2025-05-24T05:30:00Z
" PAY_GM75KAIHNBZ6CQ  ",payment,order_vg9bbalhbw0oxz,pay_gm75kaihnbz6cq,upi,INR,0,68600,68600,0,0,setl_hopq8hgi818b43,2025-05-24T05:30:00Z,300030675231,processed,1789492,22102,3979,2025-05-24T05:30:00Z
PAY_J5EO0B1YOREOL7,payment,order_l02r5jbu6sx3xy,pay_j5eo0b1yoreol7,upi,INR,0,43100,43100,0,0,setl_hopq8hgi818b43,2025-05-24T05:30:00Z,"300030675231  ",processed,1789492,22102,3979,2025-05-24T05:30:00Z
pay_kqfd0cev9i3ii4,payment,order_4v2ki535ier7bc,pay_kqfd0cev9i3ii4,card,INR,0,200740,205592,4112,740,setl_hopq8hgi818b43,2025-05-24T05:30:00Z,300030675231,processed,1789492,22102,3979,2025-05-24T05:30:00Z
pay_l3b4rp373xndpf,payment,order_sn4eii44y2nvfm,pay_l3b4rp373xndpf,upi,INR,0,18300,18300,0,0,setl_hopq8hgi818b43,2025-05-24T05:30:00Z,300030675231,processed,1789492,22102,3979,2025-05-24T05:30:00Z
"PAY_nmclgt22lhsrj5 ",payment,order_5zli6vfakmwl4h,pay_nmclgt22lhsrj5,upi,INR,0,213100,213100,0,0,setl_hopq8hgi818b43,2025-05-24T05:30:00Z,300030675231,processed,1789492,22102,3979,2025-05-24T05:30:00Z
pay_pr8ljvuwgjjmo9,payment,order_xdy5d09z1yetf0,pay_pr8ljvuwgjjmo9,netbanking,INR,0,55449,56653,1020,184,setl_hopq8hgi818b43,2025-05-24T05:30:00Z,300030675231,processed,1789492,22102,3979,2025-05-24T05:30:00Z
pay_qz7zwgbed5ilyw,payment,order_9srukslmyvdi20,pay_qz7zwgbed5ilyw,wallet,INR,0,181756,186600,4105,739,setl_hopq8hgi818b43,2025-05-24T05:30:00Z,300030675231,processed,1789492,22102,3979,2025-05-24T05:30:00Z
pay_tj2x66lejyu15j,payment,order_4nyz05eqdrdlcu,pay_tj2x66lejyu15j,upi,INR,0,20600,20600,0,0,setl_hopq8hgi818b43,2025-05-24T05:30:00Z,300030675231,processed,1789492,22102,3979,2025-05-24T05:30:00Z
pay_tkdzl26dr3e9gz,payment,order_9u6pumvl0kq4z9,pay_tkdzl26dr3e9gz,netbanking,INR,0,9690,9900,178,32,setl_hopq8hgi818b43,2025-05-24T05:30:00Z,300030675231,processed,1789492,22102,3979,2025-05-24T05:30:00Z
pay_v1ro27m9s1pzor,payment,order_0pgv4m23oobf2d,pay_v1ro27m9s1pzor,card,INR,0,133864,137100,2742,494,setl_hopq8hgi818b43,2025-05-24T05:30:00Z,300030675231,processed,1789492,22102,3979,2025-05-24T05:30:00Z
pay_vfnlkuwg9mkaz6,payment,order_z595ektsgcq3u9,pay_vfnlkuwg9mkaz6,upi,INR,0,12200,12200,0,0,setl_hopq8hgi818b43,2025-05-24T05:30:00Z,300030675231,processed,1789492,22102,3979,2025-05-24T05:30:00Z
pay_w1836lia6ajm7p,payment,order_rpz2l4mzyfxqde,PAY_W1836LIA6AJM7P,upi,INR,0,116100,116100,0,0," setl_hopq8hgi818b43",2025-05-24T05:30:00Z,300030675231,processed,1789492,22102,3979,2025-05-24T05:30:00Z
pay_x7z9sl4rszsf6h,payment,order_5xryqb9y7u49dj,pay_x7z9sl4rszsf6h,wallet,INR,0,155457,159600,3511,632,setl_hopq8hgi818b43,2025-05-24T05:30:00Z,300030675231,processed,1789492,22102,3979,2025-05-24T05:30:00Z
pay_xbgq0sy4i7yvow,payment,order_4njkaogqmz1ucs,pay_xbgq0sy4i7yvow,upi,INR,0,13328,13328,0,0,setl_hopq8hgi818b43,2025-05-24T05:30:00Z,300030675231,processed,1789492,22102,3979,2025-05-24T05:30:00Z
pay_xv1uyavdtl46qt,payment," ORDEr_hs6awedzt7xcz4",pay_xv1uyavdtl46qt,upi,INR,0,20100,20100,0,0,setl_hopq8hgi818b43,2025-05-24T05:30:00Z,300030675231,processed,1789492,22102,3979,2025-05-24T05:30:00Z
adj_07mjfro065m3yh,adjustment,,,,,1202400,0,1202400,0,0,setl_8j85mux17ql4nb,2025-05-25T05:30:00Z,902829468813,processed,39371,3384,609,2025-05-25T05:30:00Z
PAY_0PLCVXZFW3E2BP,payment," order_gw6julwcktdeg3 ",pay_0plcvxzfw3e2bp,upi,INR,0,354500,354500,0,0,setl_8j85mux17ql4nb,2025-05-25T05:30:00Z,902829468813,processed,39371,3384,609,2025-05-25T05:30:00Z
pay_3hyjjxjaafot93,payment,order_l0z7z9y8x8ldp1,pay_3hyjjxjaafot93,upi,INR,0,69700,69700,0,0,setl_8j85mux17ql4nb,2025-05-25T05:30:00Z,902829468813,processed,39371,3384,609,2025-05-25T05:30:00Z
pay_5xo93gpz5qldt4,payment,order_jf9ac9igh0fsh3,pay_5xo93gpz5qldt4,wallet,INR,0,28832,29600,651,117,setl_8j85mux17ql4nb,2025-05-25T05:30:00Z,902829468813,processed,39371,3384,609,2025-05-25T05:30:00Z
pay_6nkih7nxqrliaz,payment,order_jppef9d2nabc2c,pay_6nkih7nxqrliaz,upi,INR,0,9900,9900,0,0,setl_8j85mux17ql4nb,2025-05-25T05:30:00Z,902829468813,processed,39371,3384,609,2025-05-25T05:30:00Z
pay_72tj310nr01wmd,payment,order_zn43oftxvkym0e," PAY_72tj310nr01wmd ",upi,INR,0,456200,456200,0,0,setl_8j85mux17ql4nb,2025-05-25T05:30:00Z,902829468813,processed,39371,3384,609,2025-05-25T05:30:00Z
pay_dxthqn3snumyaf,payment,order_20iy99nfptew9n," pay_dxthqn3snumyaf  ",upi,INR,0,26000,26000,0,0,setl_8j85mux17ql4nb,2025-05-25T05:30:00Z,902829468813,processed,39371,3384,609,2025-05-25T05:30:00Z
pay_g78ml60ilgu6z2,payment,order_4v6nubnh0hyh2k,pay_g78ml60ilgu6z2,upi,INR,0,104908,104908,0,0," SETL_8j85mux17ql4nb",2025-05-25T05:30:00Z,902829468813,processed,39371,3384,609,2025-05-25T05:30:00Z
pay_h0utvk8e0dn71w,payment," order_ehi4ae2dqk8n5n",pay_h0utvk8e0dn71w,upi,INR,0,215000,215000,0,0,setl_8j85mux17ql4nb,2025-05-25T05:30:00Z,902829468813,processed,39371,3384,609,2025-05-25T05:30:00Z
pay_jydx0dc9vdmmy6,payment,order_p7s16nfufyc3cu,pay_jydx0dc9vdmmy6,upi,INR,0,34700,34700,0,0,setl_8j85mux17ql4nb,2025-05-25T05:30:00Z,902829468813,processed,39371,3384,609,2025-05-25T05:30:00Z
pay_vfeecm0ok3hhsn,payment,order_icg8s5c3m22cjz,pay_vfeecm0ok3hhsn,card,INR,0,33048,33847,677,122,setl_8j85mux17ql4nb,2025-05-25T05:30:00Z,902829468813,processed,39371,3384,609,2025-05-25T05:30:00Z
pay_vu5if1h4r3v2u9,payment,order_2mzbca345y5wzr,pay_vu5if1h4r3v2u9,upi,INR,0,22100,22100,0,0,setl_8j85mux17ql4nb,2025-05-25T05:30:00Z,902829468813,processed,39371,3384,609,2025-05-25T05:30:00Z
pay_ysn40k8w0vtanj,payment,order_1tnzwd5k07qt29,pay_ysn40k8w0vtanj,upi,INR,0,31383,31383,0,0,setl_8j85mux17ql4nb,2025-05-25T05:30:00Z,902829468813,processed,39371,3384,609,2025-05-25T05:30:00Z
pay_ytljr99rt0adaf,payment,order_dxdtazqr891ug5,pay_ytljr99rt0adaf,card,INR,0,100374,102800,2056,370,"SETL_8j85mux17ql4nb  ",2025-05-25T05:30:00Z,902829468813,processed,39371,3384,609,2025-05-25T05:30:00Z
rfnd_pr69qkf89y6h3g,refund,order_9cvnfkt2sz567n,pay_aixbrefz3r2fmt,,INR,11500,0,11500,0,0,setl_8j85mux17ql4nb,2025-05-25T05:30:00Z,902829468813,processed,39371,3384,609,2025-05-25T05:30:00Z
rfnd_tm8jontd1rxgpg,refund,order_6cui90ytcap9ij,pay_vkv14w84g7u2k0,,INR,9900,0,9900,0,0,setl_8j85mux17ql4nb,2025-05-25T05:30:00Z,902829468813,processed,39371,3384,609,2025-05-25T05:30:00Z
rfnd_zqfs11zfgbzs83,refund,order_q6gstbjnahy428,pay_yil8t4zqvrw0yq,,INR,223474,0,223474,0,0," SETL_8J85MUX17QL4NB ",2025-05-25T05:30:00Z,902829468813,processed,39371,3384,609,2025-05-25T05:30:00Z
pay_15pmyzixqghyr0,payment,order_76yi0i4jtjqluk,pay_15pmyzixqghyr0,upi,INR,0,9900,9900,0,0,setl_kpn54so50xv26v,2025-05-26T05:30:00Z,198901317371,processed,3604679,4228,761,2025-05-26T05:30:00Z
pay_3wo41gtjeqwpzc,payment,order_m1k1iprthkfbed,pay_3wo41gtjeqwpzc,upi,INR,0,1881100,1881100,0,0,setl_kpn54so50xv26v,2025-05-26T05:30:00Z,198901317371,processed,3604679,4228,761,2025-05-26T05:30:00Z
pay_4hako9xqbf19e0,payment,order_837svxgnr3xevw,pay_4hako9xqbf19e0,upi,INR,0,30400,30400,0,0,setl_kpn54so50xv26v,2025-05-26T05:30:00Z,198901317371,processed,3604679,4228,761,2025-05-26T05:30:00Z
pay_f6kxkhrw3bmqac,payment,order_kpgpbub9kt4hxi,pay_f6kxkhrw3bmqac,upi,INR,0,91575,91575,0,0,setl_kpn54so50xv26v,2025-05-26T05:30:00Z,198901317371,processed,3604679,4228,761,2025-05-26T05:30:00Z
pay_f6shj01ifkvqdu,payment,order_klv1xy16s4ok1r,pay_f6shj01ifkvqdu,netbanking,INR,0,20652,21100,380,68,setl_kpn54so50xv26v,2025-05-26T05:30:00Z,198901317371,processed,3604679,4228,761,2025-05-26T05:30:00Z
pay_fqjab57nft6gpr,payment,order_kbx5z2wl0wda23," pay_fqjab57nft6gpr",card,INR,0,39642,40600,812,146,setl_kpn54so50xv26v,2025-05-26T05:30:00Z,198901317371,processed,3604679,4228,761,2025-05-26T05:30:00Z
pay_ko3py2uxrhhq68,payment,order_4v3r5hgpjtz76f,pay_ko3py2uxrhhq68,upi,INR,0,127200,127200,0,0,setl_kpn54so50xv26v,2025-05-26T05:30:00Z,198901317371,processed,3604679,4228,761,2025-05-26T05:30:00Z
pay_kudcpm6m1t5riw,payment,order_ri1y1bw557fhyf,pay_kudcpm6m1t5riw,upi,INR,0,2578300,2578300,0,0,setl_kpn54so50xv26v,2025-05-26T05:30:00Z,198901317371,processed,3604679,4228,761,2025-05-26T05:30:00Z
pay_mbmfj61dg3i3bc,payment,order_ovizhs2uchh52i,pay_mbmfj61dg3i3bc,wallet,INR,0,23766,24400,537,97,setl_kpn54so50xv26v,2025-05-26T05:30:00Z," 198901317371",processed,3604679,4228,761,2025-05-26T05:30:00Z
pay_swj8809i2cksw9,payment,order_3qekw008r46z4n,pay_swj8809i2cksw9,upi,INR,0,281600,281600,0,0,setl_kpn54so50xv26v,2025-05-26T05:30:00Z,198901317371,processed,3604679,4228,761,2025-05-26T05:30:00Z
pay_taemhpu68il466,payment,order_cwqq8eeslwc6sh,pay_taemhpu68il466,card,INR,0,122018,124967,2499,450,setl_kpn54so50xv26v,2025-05-26T05:30:00Z,198901317371,processed,3604679,4228,761,2025-05-26T05:30:00Z
rfnd_giicwaeo3vazg2,refund,order_teh5qqj1agaggu,pay_kbsri3zcovgyfu,,INR,9900,0,9900,0,0,setl_kpn54so50xv26v,2025-05-26T05:30:00Z,198901317371,processed,3604679,4228,761,2025-05-26T05:30:00Z
rfnd_ij5ouwxmgli1pc,refund,order_kbbkj34jxus3ao,pay_6vjx7pdc8o86d7,,INR,1217592,0,1217592,0,0,setl_kpn54so50xv26v,2025-05-26T05:30:00Z,198901317371,processed,3604679,4228,761,2025-05-26T05:30:00Z
rfnd_lw1sbd2v8zql9p,refund,order_qj1k5l2c04pvci,pay_e8c28ln1qsv3a1,,INR,52682,0,52682,0,0,setl_kpn54so50xv26v,2025-05-26T05:30:00Z,198901317371,processed,3604679,4228,761,2025-05-26T05:30:00Z
rfnd_p0gbc2si76l5l1,refund,order_tl0sdck4j7iz5y,pay_1rs2h8nbz3feg8,,INR,321300,0,321300,0,0,setl_kpn54so50xv26v,2025-05-26T05:30:00Z,198901317371,processed,3604679,4228,761,2025-05-26T05:30:00Z
pay_4jurxxpwedpbvn,payment,order_vqv2gnpnfg6nau,pay_4jurxxpwedpbvn,upi,INR,0,20600,20600,0,0,setl_lxaj9e6rxk2ge7,2025-05-27T05:30:00Z,816473286264,processed,4720537,4570,823,2025-05-27T05:30:00Z
pay_8ks3yyvwe8jfed,payment,order_zc61ryapl41lrd,pay_8ks3yyvwe8jfed,upi,INR,0,3735186,3735186,0,0,setl_lxaj9e6rxk2ge7,2025-05-27T05:30:00Z,816473286264,processed,4720537,4570,823,2025-05-27T05:30:00Z
pay_bay76k4p9kbb0x,payment,order_rq2v5mk8brjcjj,pay_bay76k4p9kbb0x,netbanking,INR,0,155720,159100,2864,516,setl_lxaj9e6rxk2ge7,2025-05-27T05:30:00Z,816473286264,processed,4720537,4570,823,2025-05-27T05:30:00Z
pay_g4se9pbmdofcp2,payment,order_rjzdcyvoa20xzl,pay_g4se9pbmdofcp2,upi,INR,0,298751,298751,0,0,setl_lxaj9e6rxk2ge7,2025-05-27T05:30:00Z,816473286264,processed,4720537,4570,823,2025-05-27T05:30:00Z
PAY_gwhqogcb028fu6,payment,order_q6j8gxqrprl1gk,pay_gwhqogcb028fu6,card,INR,0,9666,9900,198,36,setl_lxaj9e6rxk2ge7,2025-05-27T05:30:00Z,816473286264,processed,4720537,4570,823,2025-05-27T05:30:00Z
pay_h1ju6uewqmwpmw,payment,order_asad9smpjglbcc,pay_h1ju6uewqmwpmw,upi,INR,0,383000,383000,0,0,setl_lxaj9e6rxk2ge7,2025-05-27T05:30:00Z,816473286264,processed,4720537,4570,823,2025-05-27T05:30:00Z
pay_nfb9804192alff,payment,order_vif7r42vkbqdic,pay_nfb9804192alff,wallet,INR,0,18896,19400,427,77,setl_lxaj9e6rxk2ge7,2025-05-27T05:30:00Z,816473286264,processed,4720537,4570,823,2025-05-27T05:30:00Z
pay_oug41nleb0rde0,payment,order_rrcxplybk94hn6,pay_oug41nleb0rde0,netbanking,INR,0,19079,19493,351,63,setl_lxaj9e6rxk2ge7,2025-05-27T05:30:00Z,816473286264,processed,4720537,4570,823,2025-05-27T05:30:00Z
pay_pgd2ihr9drzz8t,payment,order_bditl6we7rnh57,pay_pgd2ihr9drzz8t,upi,INR,0,50700,50700,0,0,setl_lxaj9e6rxk2ge7,2025-05-27T05:30:00Z,816473286264,processed,4720537,4570,823,2025-05-27T05:30:00Z
pay_xhlfl5q016qwhu,payment,order_7ay2v7ug3ucfmh,pay_xhlfl5q016qwhu,upi,INR,0,62803,63100,252,45,setl_lxaj9e6rxk2ge7,2025-05-27T05:30:00Z,816473286264,processed,4720537,4570,823,2025-05-27T05:30:00Z
" PAY_ZRM8GX0J3DHGOM",payment,order_sw2gw9mipyot4g,pay_zrm8gx0j3dhgom,card,INR,0,23336,23900,478,86,setl_lxaj9e6rxk2ge7,2025-05-27T05:30:00Z,816473286264,processed,4720537,4570,823,2025-05-27T05:30:00Z
rfnd_yd6gfllos0hksh,refund,order_4oy01621k9brdo,pay_xgqx9iio2baz6o,,INR,57200,0,57200,0,0,setl_lxaj9e6rxk2ge7,2025-05-27T05:30:00Z,816473286264,processed,4720537,4570,823,2025-05-27T05:30:00Z
adj_lw2q928a25rilh,adjustment,,,,,314100,0,314100,0,0,setl_rao7jvp7895zy4,2025-05-28T05:30:00Z,571340436615,processed,2385071,12560,2261,2025-05-28T05:30:00Z
pay_01x9szg2c19ev5,payment,order_hwq6zop5jptifa,pay_01x9szg2c19ev5,upi,INR,0,9900,9900,0,0,setl_rao7jvp7895zy4,2025-05-28T05:30:00Z,571340436615,processed,2385071,12560,2261,2025-05-28T05:30:00Z
pay_3laod1ryf457qz,payment,order_6btkin2be1bgxg,pay_3laod1ryf457qz,upi,INR,0,19000,19000,0,0,setl_rao7jvp7895zy4,2025-05-28T05:30:00Z,571340436615,processed,2385071,12560,2261,2025-05-28T05:30:00Z
pay_7s7g490i36sukd,payment,order_hc7ofxomg76b5m,pay_7s7g490i36sukd,upi,INR,0,351595,351595,0,0,setl_rao7jvp7895zy4,2025-05-28T05:30:00Z,571340436615,processed,2385071,12560,2261,2025-05-28T05:30:00Z
pay_a02qdg8a93hw1t,payment,order_y3ndqzdmjyl8af,pay_a02qdg8a93hw1t,card,INR,0,12178,12472,249,45,setl_rao7jvp7895zy4,2025-05-28T05:30:00Z,571340436615,processed,2385071,12560,2261,2025-05-28T05:30:00Z
pay_c9tzka5thbc4xp,payment,order_j2s1yd14x6efmx,pay_c9tzka5thbc4xp,upi,INR,0,342300,342300,0,0,setl_rao7jvp7895zy4,2025-05-28T05:30:00Z,571340436615,processed,2385071,12560,2261,2025-05-28T05:30:00Z
pay_cbwnew5hcbgi76,payment,order_oi8fu3m68zghs5,pay_cbwnew5hcbgi76,upi,INR,0,55600,55600,0,0,setl_rao7jvp7895zy4,2025-05-28T05:30:00Z,571340436615,processed,2385071,12560,2261,2025-05-28T05:30:00Z
pay_d7b2ijjtt9yynw,payment,order_syfxnwgddqfm3e,pay_d7b2ijjtt9yynw,card,INR,0,99069,101463,2029,365,setl_rao7jvp7895zy4,2025-05-28T05:30:00Z,571340436615,processed,2385071,12560,2261,2025-05-28T05:30:00Z
pay_f0zqlxkpynohmx,payment,order_pxirf496urb21e,pay_f0zqlxkpynohmx,wallet,INR,0,17630,18100,398,72,setl_rao7jvp7895zy4,2025-05-28T05:30:00Z,571340436615,processed,2385071,12560,2261,2025-05-28T05:30:00Z
" PAY_GNGBQWUTRE9BSA",payment,order_da06cgb8xf5x2d,pay_gngbqwutre9bsa,upi,INR,0,53800,53800,0,0,setl_rao7jvp7895zy4,2025-05-28T05:30:00Z,571340436615,processed,2385071,12560,2261,2025-05-28T05:30:00Z
pay_itko0mczv5db56,payment,order_kziesmo5j2reye,pay_itko0mczv5db56,card,INR,0,9666,9900,198,36,setl_rao7jvp7895zy4,2025-05-28T05:30:00Z,571340436615,processed,2385071,12560,2261,2025-05-28T05:30:00Z
pay_jv6qn4wlqt9gvc,payment,order_fn0beiwnw9o20a,pay_jv6qn4wlqt9gvc,card,INR,0,324751,332600,6652,1197," SETL_rao7jvp7895zy4  ",2025-05-28T05:30:00Z,571340436615,processed,2385071,12560,2261,2025-05-28T05:30:00Z
pay_onme5vo6avslh8,payment,order_xwesfjp50drs20,pay_onme5vo6avslh8,card,INR,0,148120,151700,3034,546,setl_rao7jvp7895zy4,2025-05-28T05:30:00Z,571340436615,processed,2385071,12560,2261,2025-05-28T05:30:00Z
pay_oxmemxf27fjuuw,payment,order_cbh0nk8iltyshr,pay_oxmemxf27fjuuw,upi,INR,0,951000,951000,0,0,setl_rao7jvp7895zy4,2025-05-28T05:30:00Z,571340436615,processed,2385071,12560,2261,2025-05-28T05:30:00Z
pay_p7i56ibre9ckvt,payment,order_dwefbdif0b4n5d,pay_p7i56ibre9ckvt,upi,INR,0,27200,27200,0,0,setl_rao7jvp7895zy4,2025-05-28T05:30:00Z,571340436615,processed,2385071,12560,2261,2025-05-28T05:30:00Z
pay_sys65di7nztpln,payment,order_w17onf6ugb4dts,pay_sys65di7nztpln,upi,INR,0,45800,45800,0,0,setl_rao7jvp7895zy4,2025-05-28T05:30:00Z,571340436615,processed,2385071,12560,2261,2025-05-28T05:30:00Z
pay_yitg14gsjc0y7m,payment,order_bhhgv33r0f18hv,pay_yitg14gsjc0y7m,upi,INR,0,9900,9900,0,0,setl_rao7jvp7895zy4,2025-05-28T05:30:00Z,571340436615,processed,2385071,12560,2261,2025-05-28T05:30:00Z
pay_ylv9ys4qiusfc2,payment,order_ok2bdezmcdeoo5,pay_ylv9ys4qiusfc2,upi,INR,0,177962,177962,0,0,setl_rao7jvp7895zy4,2025-05-28T05:30:00Z,571340436615,processed,2385071,12560,2261,2025-05-28T05:30:00Z
pay_z6tmubyz586yeu,payment,order_xy6dkyxoz2cm9l,pay_z6tmubyz586yeu,upi,INR,0,43700,43700,0,0,setl_rao7jvp7895zy4,2025-05-28T05:30:00Z,571340436615,processed,2385071,12560,2261,2025-05-28T05:30:00Z
pay_0e2idmjxtkmgm6,payment,order_l9qtytoy9ll60w,pay_0e2idmjxtkmgm6,upi,INR,0,43800,43800,0,0,"SETL_y4d22bsf3bi6y5  ",2025-05-29T05:30:00Z,675343972208,on_hold,824594,11593,2086,2025-05-29T05:30:00Z
pay_20r11u2wqoj3vw,payment,order_ncss4vlm73220y,pay_20r11u2wqoj3vw,upi,INR,0,9900,9900,0,0,setl_y4d22bsf3bi6y5,2025-05-29T05:30:00Z,675343972208,on_hold,824594,11593,2086,2025-05-29T05:30:00Z
pay_3a0c7kf1tl57v2,payment,order_1apk3rawrje3sy,pay_3a0c7kf1tl57v2,wallet,INR,0,238835,245200,5394,971,setl_y4d22bsf3bi6y5,2025-05-29T05:30:00Z,675343972208,on_hold,824594,11593,2086,2025-05-29T05:30:00Z
pay_64t1cdnh5zarti,payment,order_3ccs3iy2dr9cjh,pay_64t1cdnh5zarti,upi,INR,0,15800,15800,0,0,setl_y4d22bsf3bi6y5,2025-05-29T05:30:00Z,675343972208,on_hold,824594,11593,2086,2025-05-29T05:30:00Z
pay_7npxvztvqpxccc,payment,order_a74e8kp9q8f338,"PAY_7npxvztvqpxccc ",card,INR,0,28609,29300,586,105,setl_y4d22bsf3bi6y5,2025-05-29T05:30:00Z,675343972208,on_hold,824594,11593,2086,2025-05-29T05:30:00Z
"  PAY_9inftjsv1pd069",payment,order_aqacy9fa42px64,pay_9inftjsv1pd069,upi,INR,0,14000,14000,0,0,setl_y4d22bsf3bi6y5,2025-05-29T05:30:00Z,"  675343972208",on_hold,824594,11593,2086,2025-05-29T05:30:00Z
pay_l0h6sze6sf2xcd,payment,order_81gklhj9dneghi,pay_l0h6sze6sf2xcd,wallet,INR,0,84937,87200,1918,345,setl_y4d22bsf3bi6y5,2025-05-29T05:30:00Z,675343972208,on_hold,824594,11593,2086,2025-05-29T05:30:00Z
pay_l30ze79wv4blr7,payment,order_dnvj01n67x0en0,pay_l30ze79wv4blr7,card,INR,0,101186,103632,2073,373,setl_y4d22bsf3bi6y5,2025-05-29T05:30:00Z,675343972208,on_hold,824594,11593,2086,2025-05-29T05:30:00Z
pay_lpdwu7bq34f9cf,payment,order_zi4zo7anj8waq0,pay_lpdwu7bq34f9cf,upi,INR,0,155699,155699,0,0,setl_y4d22bsf3bi6y5,2025-05-29T05:30:00Z,675343972208,on_hold,824594,11593,2086,2025-05-29T05:30:00Z
pay_m8b4qp5lm4ay12,payment,order_cn3gdq5qvba2k5,pay_m8b4qp5lm4ay12,upi,INR,0,40200,40200,0,0,setl_y4d22bsf3bi6y5,2025-05-29T05:30:00Z,675343972208,on_hold,824594,11593,2086,2025-05-29T05:30:00Z
pay_ofbvp7p8w74p9o,payment,order_bqjcnktpxatm4e,"  PAY_ofbvp7p8w74p9o ",netbanking,INR,0,27503,28100,506,91,setl_y4d22bsf3bi6y5,2025-05-29T05:30:00Z,675343972208,on_hold,824594,11593,2086,2025-05-29T05:30:00Z
pay_qcr6yppwzsbgde,payment,order_w5yfk8rjw10zg4,pay_qcr6yppwzsbgde,netbanking,INR,0,25350,25900,466,84,setl_y4d22bsf3bi6y5,2025-05-29T05:30:00Z,675343972208,on_hold,824594,11593,2086,2025-05-29T05:30:00Z
"pay_r6f6km39wm7e24  ",payment,order_nhs8gbv6cc395g,pay_r6f6km39wm7e24,netbanking,INR,0,35319,36086,650,117,setl_y4d22bsf3bi6y5,2025-05-29T05:30:00Z,675343972208,on_hold,824594,11593,2086,2025-05-29T05:30:00Z
pay_xdu4o8rifyychh,payment,order_a2ls38l2mmvsbw,pay_xdu4o8rifyychh,upi,INR,0,32000,32000,0,0,setl_y4d22bsf3bi6y5,2025-05-29T05:30:00Z,675343972208,on_hold,824594,11593,2086,2025-05-29T05:30:00Z
rfnd_jwwp57xl73jd45,refund," ORDEr_onohwtn2rdf22w ",pay_u3av7tlpbd94cl,,INR,28544,0,28544,0,0,setl_y4d22bsf3bi6y5,2025-05-29T05:30:00Z,675343972208,on_hold,824594,11593,2086,2025-05-29T05:30:00Z
pay_2kg4q6km5yalws,payment,order_e5m22yggs07rh5,pay_2kg4q6km5yalws,upi,INR,0,353165,353165,0,0,"SETL_e65rp1qdp96g8e ",2025-05-30T05:30:00Z,658127849066,processed,2378594,5460,983,2025-05-30T05:30:00Z
pay_5ob86twntievqr,payment,order_k8mlgd3wox5pft,pay_5ob86twntievqr,upi,INR,0,50166,50166,0,0,setl_e65rp1qdp96g8e,2025-05-30T05:30:00Z,658127849066,processed,2378594,5460,983,2025-05-30T05:30:00Z
pay_6i9mkic9reyqh4,payment,order_1k9gp4ywp6bxvy,pay_6i9mkic9reyqh4,wallet,INR,0,154775,158900,3496,629,setl_e65rp1qdp96g8e,2025-05-30T05:30:00Z,658127849066,processed,2378594,5460,983,2025-05-30T05:30:00Z
pay_6mst632duj67mn,payment,order_6cs8yjtzwft0mz,pay_6mst632duj67mn,upi,INR,0,24102,24102,0,0,setl_e65rp1qdp96g8e,2025-05-30T05:30:00Z,658127849066,processed,2378594,5460,983,2025-05-30T05:30:00Z
pay_6v3vt1bt5irgyq,payment,order_ngmvkit63ib2rv,pay_6v3vt1bt5irgyq,upi,INR,0,227200,227200,0,0,setl_e65rp1qdp96g8e,2025-05-30T05:30:00Z,658127849066,processed,2378594,5460,983,2025-05-30T05:30:00Z
pay_9vmx1tjohq3tof,payment,order_v5ll56a3t8d003,pay_9vmx1tjohq3tof,upi,INR,0,61697,61697,0,0,setl_e65rp1qdp96g8e,2025-05-30T05:30:00Z,658127849066,processed,2378594,5460,983,2025-05-30T05:30:00Z
" PAY_AKT2QBHKMU6NNV  ",payment,"order_63av5yyl6gob1f ",pay_akt2qbhkmu6nnv,upi,INR,0,59100,59100,0,0,setl_e65rp1qdp96g8e,2025-05-30T05:30:00Z,658127849066,processed,2378594,5460,983,2025-05-30T05:30:00Z
pay_c6i89z8lloc2o3,payment,order_9xomoptuook2dk,pay_c6i89z8lloc2o3,upi,INR,0,33900,33900,0,0,setl_e65rp1qdp96g8e,2025-05-30T05:30:00Z,658127849066,processed,2378594,5460,983,2025-05-30T05:30:00Z
pay_cy3stjbht8xcug,payment,order_8kagcmr7pvz7nf,pay_cy3stjbht8xcug,upi,INR,0,188350,188350,0,0,setl_e65rp1qdp96g8e,2025-05-30T05:30:00Z,658127849066,processed,2378594,5460,983,2025-05-30T05:30:00Z
pay_d423roww6pm2pj,payment,order_ddzqkoamtgv7rp,pay_d423roww6pm2pj,upi,INR,0,785500,785500,0,0,setl_e65rp1qdp96g8e,2025-05-30T05:30:00Z,658127849066,processed,2378594,5460,983,2025-05-30T05:30:00Z
pay_mnrb4uemnwl2yg,payment,order_opeusro0tvn056," pay_mnrb4uemnwl2yg ",upi,INR,0,69310,69310,0,0,setl_e65rp1qdp96g8e,2025-05-30T05:30:00Z,658127849066,processed,2378594,5460,983,2025-05-30T05:30:00Z
pay_nenht1fhdozbui,payment,order_6jghu70njrm5mv,pay_nenht1fhdozbui,wallet,INR,0,18311,18800,414,75,setl_e65rp1qdp96g8e,2025-05-30T05:30:00Z,658127849066,processed,2378594,5460,983,2025-05-30T05:30:00Z
pay_ogk6ab1fnp3e46,payment,order_bzpsijove70133,pay_ogk6ab1fnp3e46,wallet,INR,0,12529,12800,230,41,setl_e65rp1qdp96g8e,2025-05-30T05:30:00Z,658127849066,processed,2378594,5460,983,2025-05-30T05:30:00Z
pay_rminli2bp3xqdu,payment,order_h7hz3swmxujrin," PAY_rminli2bp3xqdu",upi,INR,0,42900,42900,0,0,setl_e65rp1qdp96g8e,2025-05-30T05:30:00Z,658127849066,processed,2378594,5460,983,2025-05-30T05:30:00Z
pay_ubx5vwyx4wokm9,payment,order_kr7qx2utn1sser,pay_ubx5vwyx4wokm9,upi,INR,0,219000,219000,0,0,setl_e65rp1qdp96g8e,2025-05-30T05:30:00Z,"  658127849066  ",processed,2378594,5460,983,2025-05-30T05:30:00Z
pay_w1kjw191ihqlvk,payment,order_b9x5z4850u76fk,pay_w1kjw191ihqlvk,upi,INR,0,70800,70800,0,0,setl_e65rp1qdp96g8e,2025-05-30T05:30:00Z,658127849066,processed,2378594,5460,983,2025-05-30T05:30:00Z
pay_wo6k2hj6hzbh3a,payment,"ORDEr_ietkqpqvz884hh  ",pay_wo6k2hj6hzbh3a,card,INR,0,64442,66000,1320,238,setl_e65rp1qdp96g8e,2025-05-30T05:30:00Z,658127849066,processed,2378594,5460,983,2025-05-30T05:30:00Z
rfnd_f0q89ro0mq75k8,refund,order_xdy5d09z1yetf0,pay_pr8ljvuwgjjmo9,,INR,56653,0,56653,0,0,setl_e65rp1qdp96g8e,2025-05-30T05:30:00Z,658127849066,processed,2378594,5460,983,2025-05-30T05:30:00Z
" PAY_1g2hnopw1ywpys",payment,order_n6ybny9inhgwm3,pay_1g2hnopw1ywpys,card,INR,0,424411,434669,8693,1565,setl_t4nnntp602draz,2025-05-31T05:30:00Z,524960285221,processed,1583957,14322,2579,2025-05-31T05:30:00Z
pay_1iegy2945izs3h,payment,order_w5g4h8qpaobnro,pay_1iegy2945izs3h,upi,INR,0,73700,73700,0,0,setl_t4nnntp602draz,2025-05-31T05:30:00Z,524960285221,processed,1583957,14322,2579,2025-05-31T05:30:00Z
pay_32ygz8v65xszj5,payment,order_t32w7sm1llqomm,pay_32ygz8v65xszj5,upi,INR,0,44400,44400,0,0,setl_t4nnntp602draz,2025-05-31T05:30:00Z,524960285221,processed,1583957,14322,2579,2025-05-31T05:30:00Z
pay_4nurlyivkuz1yy,payment,order_gtb8g9oin87bzz," PAY_4NURLYIVKUZ1YY  ",card,INR,0,18942,19400,388,70,setl_t4nnntp602draz,2025-05-31T05:30:00Z,524960285221,processed,1583957,14322,2579,2025-05-31T05:30:00Z
" PAY_4USK83WDEB9K3R ",payment,order_e5q22nj2pyq3o1,pay_4usk83wdeb9k3r,upi,INR,0,62800,62800,0,0,setl_t4nnntp602draz,2025-05-31T05:30:00Z,524960285221,processed,1583957,14322,2579,2025-05-31T05:30:00Z
pay_e09rc1jz8ynond,payment,order_r5hu8m9zbkw64c,pay_e09rc1jz8ynond,upi,INR,0,303621,303621,0,0,setl_t4nnntp602draz,2025-05-31T05:30:00Z,524960285221,processed,1583957,14322,2579,2025-05-31T05:30:00Z
pay_ene4owz8vxc3w2,payment,order_x3w7rc79u42p6d,"  pay_ene4owz8vxc3w2",upi,INR,0,11000,11000,0,0,setl_t4nnntp602draz,2025-05-31T05:30:00Z,"  524960285221  ",processed,1583957,14322,2579,2025-05-31T05:30:00Z
"  PAY_iituexttrup6bi ",payment,order_moeaklljygmq3x,pay_iituexttrup6bi,card,INR,0,95392,97698,1954,352,setl_t4nnntp602draz,2025-05-31T05:30:00Z,524960285221,processed,1583957,14322,2579,2025-05-31T05:30:00Z
"pay_l6liop3x8zfe70 ",payment,"ORDER_PRJCMQD5N74RPQ ",PAY_L6LIOP3X8ZFE70,netbanking,INR,0,161887,165400,2977,536,setl_t4nnntp602draz,2025-05-31T05:30:00Z,524960285221,processed,1583957,14322,2579,2025-05-31T05:30:00Z
pay_qdvaxc593puf8b,payment,order_usnkhwn1doyd1p,pay_qdvaxc593puf8b,upi,INR,0,81600,81600,0,0,setl_t4nnntp602draz,2025-05-31T05:30:00Z,524960285221,processed,1583957,14322,2579,2025-05-31T05:30:00Z
pay_qh1amfztfqtg97,payment,order_78uavkkkzlpjm2,pay_qh1amfztfqtg97,netbanking,INR,0,16834,17200,310,56,setl_t4nnntp602draz,2025-05-31T05:30:00Z,524960285221,processed,1583957,14322,2579,2025-05-31T05:30:00Z
pay_syjvy2sj4ae2np,payment,order_n9u522dbgy5kb3,pay_syjvy2sj4ae2np,upi,INR,0,183939,183939,0,0,setl_t4nnntp602draz,2025-05-31T05:30:00Z,524960285221,processed,1583957,14322,2579,2025-05-31T05:30:00Z
pay_t6zegh8zk2btux,payment,order_u9qckec2gsg3h9,pay_t6zegh8zk2btux,upi,INR,0,17410,17410,0,0,"SETL_t4nnntp602draz ",2025-05-31T05:30:00Z,524960285221,processed,1583957,14322,2579,2025-05-31T05:30:00Z
" pay_wryf93mhs1qrjr ",payment,order_z1j5qgxsg4de9h,pay_wryf93mhs1qrjr,upi,INR,0,51400,51400,0,0,setl_t4nnntp602draz,2025-05-31T05:30:00Z,524960285221,processed,1583957,14322,2579,2025-05-31T05:30:00Z
pay_z22hxspqqpllfs,payment,order_nadx085qzfjfbk,pay_z22hxspqqpllfs,upi,INR,0,36621,36621,0,0,setl_t4nnntp602draz,2025-05-31T05:30:00Z,524960285221,processed,1583957,14322,2579,2025-05-31T05:30:00Z
pay_1zoolimcwuurwn,payment,order_wlk73v5y968xjy,pay_1zoolimcwuurwn,upi,INR,0,60400,60400,0,0,setl_9cb5eollynw8si,2025-06-01T05:30:00Z,188369388524,processed,3696058,5850,1053,2025-06-01T05:30:00Z
pay_2nea6mnur8i9tt,payment,order_nos5z2e7d1fis3,pay_2nea6mnur8i9tt,upi,INR,0,1465200,1465200,0,0,setl_9cb5eollynw8si,2025-06-01T05:30:00Z,188369388524,processed,3696058,5850,1053,2025-06-01T05:30:00Z
pay_2rhyccasjnarlt,payment,order_iq96dy1ape4uvi,"PAY_2rhyccasjnarlt ",upi,INR,0,25193,25193,0,0,setl_9cb5eollynw8si,2025-06-01T05:30:00Z,188369388524,processed,3696058,5850,1053,2025-06-01T05:30:00Z
pay_51zd3owciuhhdv,payment,order_tw36oiu1tdsik5,pay_51zd3owciuhhdv,upi,INR,0,40500,40500,0,0,setl_9cb5eollynw8si,2025-06-01T05:30:00Z,188369388524,processed,3696058,5850,1053,2025-06-01T05:30:00Z
pay_6dt82z4nfyx175,payment,order_atk1i8g9l6y76m,pay_6dt82z4nfyx175,upi,INR,0,36199,36199,0,0,setl_9cb5eollynw8si,2025-06-01T05:30:00Z,188369388524,processed,3696058,5850,1053,2025-06-01T05:30:00Z
pay_6noons91qbfd2s,payment,order_2yg67vpjzhgx7n,pay_6noons91qbfd2s,netbanking,INR,0,14877,15200,274,49,setl_9cb5eollynw8si,2025-06-01T05:30:00Z,188369388524,processed,3696058,5850,1053,2025-06-01T05:30:00Z
pay_7n58yg2cttltjo,payment,order_0xa8gcgh84jba9,pay_7n58yg2cttltjo,card,INR,0,174287,178500,3570,643,setl_9cb5eollynw8si,2025-06-01T05:30:00Z,188369388524,processed,3696058,5850,1053,2025-06-01T05:30:00Z
pay_99a9qtveav0l7y,payment," order_slt5kmvbt5wrs4",pay_99a9qtveav0l7y,upi,INR,0,17387,17387,0,0,setl_9cb5eollynw8si,2025-06-01T05:30:00Z,188369388524,processed,3696058,5850,1053,2025-06-01T05:30:00Z
pay_ceyyhmxj84jofn,payment,order_9c6qhk4g3p8sc0,pay_ceyyhmxj84jofn,netbanking,INR,0,12822,13100,236,42,setl_9cb5eollynw8si,2025-06-01T05:30:00Z,188369388524,processed,3696058,5850,1053,2025-06-01T05:30:00Z
pay_fxk9nwh6q9zw0d,payment,order_q4ho62t2zg55rd,pay_fxk9nwh6q9zw0d,upi,INR,0,323800,323800,0,0,setl_9cb5eollynw8si,2025-06-01T05:30:00Z,188369388524,processed,3696058,5850,1053,2025-06-01T05:30:00Z
pay_m6fxsqmkextutt,payment,order_vxydk8qdrod2tx,pay_m6fxsqmkextutt,card,INR,0,9666,9900,198,36,"SETL_9cb5eollynw8si ",2025-06-01T05:30:00Z,188369388524,processed,3696058,5850,1053,2025-06-01T05:30:00Z
pay_mvb2g10h6ijp03,payment,order_7xmxx0lq12p7eb,pay_mvb2g10h6ijp03,upi,INR,0,9900,9900,0,0,setl_9cb5eollynw8si,2025-06-01T05:30:00Z,188369388524,processed,3696058,5850,1053,2025-06-01T05:30:00Z
pay_n4p5q5184zecri,payment,order_qfxfveh5byqwko,pay_n4p5q5184zecri,upi,INR,0,251843,251843,0,0," setl_9cb5eollynw8si ",2025-06-01T05:30:00Z,188369388524,processed,3696058,5850,1053,2025-06-01T05:30:00Z
pay_ntnyj1fu7t2o8t,payment,ORDER_X5OIMD5OQLW39X,pay_ntnyj1fu7t2o8t,card,INR,0,26979,27632,553,100,setl_9cb5eollynw8si,2025-06-01T05:30:00Z,188369388524,processed,3696058,5850,1053,2025-06-01T05:30:00Z
pay_o80890rhug1cxr,payment,order_gzr0v20thrm7lp,pay_o80890rhug1cxr,upi,INR,0,410900,410900,0,0,setl_9cb5eollynw8si,2025-06-01T05:30:00Z,188369388524,processed,3696058,5850,1053,2025-06-01T05:30:00Z
" PAY_X4WJ43LRXUJC8Y  ",payment,order_q5xr6745mxemud,"PAY_x4wj43lrxujc8y ",upi,INR,0,796200,796200,0,0,"setl_9cb5eollynw8si  ",2025-06-01T05:30:00Z,188369388524,processed,3696058,5850,1053,2025-06-01T05:30:00Z
pay_yxz7na1zegxnyo,payment,order_gkl6wbcs8q9w18,pay_yxz7na1zegxnyo,wallet,INR,0,45098,46300,1019,183,setl_9cb5eollynw8si,2025-06-01T05:30:00Z,188369388524,processed,3696058,5850,1053,2025-06-01T05:30:00Z
rfnd_voz147ox2t7tf8,refund,"  ORDEr_iq96dy1ape4uvi ",pay_2rhyccasjnarlt,,INR,25193,0,25193,0,0,setl_9cb5eollynw8si,2025-06-01T05:30:00Z,188369388524,processed,3696058,5850,1053,2025-06-01T05:30:00Z
